-- MySQL dump 10.13  Distrib 8.0.35, for Linux (x86_64)
--
-- Host: localhost    Database: db_lms
-- ------------------------------------------------------
-- Server version	8.0.35-0ubuntu0.22.04.1

/*!40101 SET @OLD_CHARACTER_SET_CLIENT=@@CHARACTER_SET_CLIENT */;
/*!40101 SET @OLD_CHARACTER_SET_RESULTS=@@CHARACTER_SET_RESULTS */;
/*!40101 SET @OLD_COLLATION_CONNECTION=@@COLLATION_CONNECTION */;
/*!50503 SET NAMES utf8mb4 */;
/*!40103 SET @OLD_TIME_ZONE=@@TIME_ZONE */;
/*!40103 SET TIME_ZONE='+00:00' */;
/*!40014 SET @OLD_UNIQUE_CHECKS=@@UNIQUE_CHECKS, UNIQUE_CHECKS=0 */;
/*!40014 SET @OLD_FOREIGN_KEY_CHECKS=@@FOREIGN_KEY_CHECKS, FOREIGN_KEY_CHECKS=0 */;
/*!40101 SET @OLD_SQL_MODE=@@SQL_MODE, SQL_MODE='NO_AUTO_VALUE_ON_ZERO' */;
/*!40111 SET @OLD_SQL_NOTES=@@SQL_NOTES, SQL_NOTES=0 */;

--
-- Table structure for table `borrower`
--

DROP TABLE IF EXISTS `borrower`;
/*!40101 SET @saved_cs_client     = @@character_set_client */;
/*!50503 SET character_set_client = utf8mb4 */;
CREATE TABLE `borrower` (
  `borrower_id` int NOT NULL AUTO_INCREMENT,
  `firstname` varchar(100) NOT NULL,
  `middlename` varchar(100) NOT NULL,
  `lastname` varchar(100) NOT NULL,
  `contact_no` varchar(15) NOT NULL,
  `address` text NOT NULL,
  `email` varchar(30) NOT NULL,
  `tax_id` varchar(20) NOT NULL,
  `id_doc` varchar(255) DEFAULT NULL,
  `signature_doc` varchar(255) DEFAULT NULL,
  `added_date` timestamp NULL DEFAULT CURRENT_TIMESTAMP,
  PRIMARY KEY (`borrower_id`)
) ENGINE=InnoDB AUTO_INCREMENT=52 DEFAULT CHARSET=latin1;
/*!40101 SET character_set_client = @saved_cs_client */;

--
-- Dumping data for table `borrower`
--

LOCK TABLES `borrower` WRITE;
/*!40000 ALTER TABLE `borrower` DISABLE KEYS */;
INSERT INTO `borrower` VALUES (7,'Josephine ','Omori ','Omori','0702372859','5th floor house 85','','11442205','/var/www/matrick/append/uploads/0702372859/id_doc__Splitter_/var/www/matrick/append/uploads/0702372859/id_doc_back_','/var/www/matrick/append/uploads/0702372859/signature_doc_','2023-10-26 13:45:42'),(8,'Eunice ','Mueni','Ngolya ','0716156745','504','','14622263','/var/www/matrick/uploads/docs/0716156745/id_doc_SCAN198.pdf_Splitter_/var/www/matrick/uploads/docs/0716156745/id_doc_back_SCAN198.pdf','/var/www/matrick/uploads/docs/0716156745/signature_doc_SCAN198.pdf','2023-10-26 13:45:42'),(10,'Linet','Nyanchama','Siko','0742113774','3rd floor house 3108','','30256624','/var/www/matrick/uploads/docs/0742113774/id_doc_SCAN201.pdf_Splitter_/var/www/matrick/uploads/docs/0742113774/id_doc_back_SCAN201.pdf','/var/www/matrick/uploads/docs/0742113774/signature_doc_SCAN202.pdf','2023-10-26 13:45:42'),(11,'Joyce','Wanjiru ','Kahara ','0796571707','4th floor E9','','13842907','/var/www/matrick/uploads/docs/0796571707/id_doc_IMG_20231024_200925.jpg_Splitter_/var/www/matrick/uploads/docs/0796571707/id_doc_back_IMG_20231024_200937.jpg','/var/www/matrick/uploads/docs/0796571707/signature_doc_IMG_20231024_200925.jpg','2023-10-26 13:45:42'),(12,'Scholastica ','Kanini','Mutua','0746604818','Njenga','0710313616','24186450','/var/www/matrick/uploads/docs/0746604818/id_doc_TimePhoto_20231024_212137.jpg_Splitter_/var/www/matrick/uploads/docs/0746604818/id_doc_back_TimePhoto_20231024_212137.jpg','/var/www/matrick/uploads/docs/0746604818/signature_doc_TimePhoto_20231024_212137.jpg','2023-10-26 13:45:42'),(14,'Parsgalia','Mumbe ','Mainga','0705487311','Hanton no 410','0704290499','24472652','/var/www/matrick/uploads/docs/0705487311/id_doc_IMG_20230904_133105_327.jpg_Splitter_/var/www/matrick/uploads/docs/0705487311/id_doc_back_IMG_20230904_133316_933.jpg','/var/www/matrick/uploads/docs/0705487311/signature_doc_Screenshot_20231025-145143.png','2023-10-26 13:45:42'),(16,'Nibrescah ','Mwelu ','Muema ','0790613217','F2','0710880612','30539048','/var/www/matrick/uploads/docs/0790613217/id_doc_IMG-20231025-WA0002.jpg_Splitter_/var/www/matrick/uploads/docs/0790613217/id_doc_back_IMG-20231025-WA0001.jpg','/var/www/matrick/uploads/docs/0790613217/signature_doc_IMG-20231025-WA0000.jpg','2023-10-26 13:45:42'),(21,'Ermarita','Kerubo','Mokua','0717412828','4th floor 418','','31716834','/var/www/matrick/uploads/docs/0717412828/id_doc_1000018105.jpg_Splitter_/var/www/matrick/uploads/docs/0717412828/id_doc_back_1000018104.jpg','/var/www/matrick/uploads/docs/0717412828/signature_doc_1000018105.jpg','2023-10-26 17:10:32'),(22,'Charles ','Githinji ','Gachanja ','0748810150','Istfloir 101','','6834418','/var/www/matrick/uploads/docs/0748810150/id_doc_IMG_20231027_202954_HDR.jpg_Splitter_/var/www/matrick/uploads/docs/0748810150/id_doc_back_IMG_20231027_202954_HDR.jpg','/var/www/matrick/uploads/docs/0748810150/signature_doc_IMG_20231027_202954_HDR.jpg','2023-10-27 17:32:25'),(23,'Nancy','Njoki','Waithera','0742080066','H819','0702567999','30406313','/var/www/matrick/uploads/docs/0742080066/id_doc_IMG-20231028-WA0000.jpg_Splitter_/var/www/matrick/uploads/docs/0742080066/id_doc_back_IMG-20231028-WA0001.jpg','/var/www/matrick/uploads/docs/0742080066/signature_doc_IMG-20231028-WA0002.jpg','2023-10-28 09:16:32'),(25,'Bernard','muasya','besunda','0721129160','kayole','','721129160','/var/www/matrick/uploads/docs/0721129160/id_doc_WhatsApp Image 2023-10-29 at 18.55.00.jpeg_Splitter_/var/www/matrick/uploads/docs/0721129160/id_doc_back_WhatsApp Image 2023-10-29 at 18.55.00.jpeg','/var/www/matrick/uploads/docs/0721129160/signature_doc_WhatsApp Image 2023-10-29 at 18.55.00.jpeg','2023-10-29 16:05:22'),(26,'Addah','Olisa','Otieno','0710537829','Pipeline','0705959041','11043500','/var/www/matrick/uploads/docs/0710537829/id_doc_ID F.jpg_Splitter_/var/www/matrick/uploads/docs/0710537829/id_doc_back_img033.jpg','/var/www/matrick/uploads/docs/0710537829/signature_doc_img031.jpg','2023-10-31 10:14:41'),(27,'Tekla','Anungo','Onguko','0726504840','Phase 6','0745769519','21577188','/var/www/matrick/uploads/docs/0726504840/id_doc_ID front20231101_11303961.jpg_Splitter_/var/www/matrick/uploads/docs/0726504840/id_doc_back_ID back20231101_11312322.jpg','/var/www/matrick/uploads/docs/0726504840/signature_doc_KRA20231101_11321700.jpg','2023-11-01 08:32:56'),(28,'Margaret ','Wairimu','Wangari','0727160876','101','0756859592/0751635325','13744788','/var/www/matrick/uploads/docs/0727160876/id_doc_WhatsApp Image 2023-11-02 at 12.41.05 PM.jpeg_Splitter_/var/www/matrick/uploads/docs/0727160876/id_doc_back_WhatsApp Image 2023-11-02 at 12.41.04 PM (2).jpeg','/var/www/matrick/uploads/docs/0727160876/signature_doc_WhatsApp Image 2023-11-02 at 12.41.04 PM (1).jpeg','2023-11-02 09:41:51'),(29,'Faith','Munee','Nzeki','0702939096','plot 10,5th floor,F8','0111205947','30004106','/var/www/matrick/uploads/docs/0702939096/id_doc_16989887915628214055259032719317.jpg_Splitter_/var/www/matrick/uploads/docs/0702939096/id_doc_back_1698988841840517575663048222428.jpg','/var/www/matrick/uploads/docs/0702939096/signature_doc_16989884426291049442770677842197.jpg','2023-11-03 05:21:29'),(30,'Theresa','Omori','Rebeka','0705599152','Ground floor','','11853874','/var/www/matrick/uploads/docs/0705599152/id_doc_WhatsApp Image 2023-11-03 at 20.52.56.jpeg_Splitter_/var/www/matrick/uploads/docs/0705599152/id_doc_back_WhatsApp Image 2023-11-03 at 20.52.55 (1).jpeg','/var/www/matrick/uploads/docs/0705599152/signature_doc_WhatsApp Image 2023-11-03 at 20.52.55.jpeg','2023-11-03 18:41:01'),(31,'Glandys ','Mueni','Matheka','0725017615','3rd floor house 305','0725017615','20781925','/var/www/matrick/uploads/docs/0725017615/id_doc_ID FRONT .jpg_Splitter_/var/www/matrick/uploads/docs/0725017615/id_doc_back_ID BACK.jpg','/var/www/matrick/uploads/docs/0725017615/signature_doc_KRA .jpg','2023-11-04 17:12:59'),(32,'sharon','chepkoech','chepkoech','0793291416','Atlas Centre','0726824369','33310937','/var/www/matrick/uploads/docs/0793291416/id_doc_id eldoret 11.jpeg_Splitter_/var/www/matrick/uploads/docs/0793291416/id_doc_back_id eldoret 22.jpeg','/var/www/matrick/uploads/docs/0793291416/signature_doc_kipkoech scan 1 001.jpg','2023-11-06 14:51:49'),(34,'Alice','Wanjiru','Ngigi','0717860411','77','0799079059','26289394','/var/www/matrick/uploads/docs/0717860411/id_doc_IMG-20231108-WA0003.jpg_Splitter_/var/www/matrick/uploads/docs/0717860411/id_doc_back_IMG-20231108-WA0000.jpg','/var/www/matrick/uploads/docs/0717860411/signature_doc_IMG-20231108-WA0004.jpg','2023-11-08 13:19:20'),(35,'Domitila ','Katuku ','Kimeu ','0758674436','Stausthouse.second FLR 103','0794736076','40382876','/var/www/matrick/uploads/docs/0758674436/id_doc_169947395106063603247931851173.jpg_Splitter_/var/www/matrick/uploads/docs/0758674436/id_doc_back_16994739835225791579873849653735.jpg','/var/www/matrick/uploads/docs/0758674436/signature_doc_1699474014246468262238808181818.jpg','2023-11-08 20:08:00'),(36,'Gladys ','Ndungi ','Mbaluka ','0720322981','Amazon','','13591556','/var/www/matrick/uploads/docs/0720322981/id_doc_ID FRONT.jpg_Splitter_/var/www/matrick/uploads/docs/0720322981/id_doc_back_ID BACK.jpg','/var/www/matrick/uploads/docs/0720322981/signature_doc_KRA.jpg','2023-11-09 06:03:52'),(37,'Ruth','Amboko','Wakatu','254724432444','501','','24259028','/var/www/matrick/uploads/docs/254724432444/id_doc_WhatsApp Image 2023-11-10 at 6.57.50 PM.jpeg_Splitter_/var/www/matrick/uploads/docs/254724432444/id_doc_back_WhatsApp Image 2023-11-10 at 6.57.57 PM.jpeg','/var/www/matrick/uploads/docs/254724432444/signature_doc_WhatsApp Image 2023-11-10 at 6.57.50 PM.jpeg','2023-11-10 15:59:17'),(38,'Michael ','Murage','Kudu','254758331373','PLOT 10-FLOOR 3 ROOM NO 42','','28599153','/var/www/matrick/uploads/docs/254758331373/id_doc_WhatsApp Image 2023-11-11 at 6.15.17 PM.jpeg_Splitter_/var/www/matrick/uploads/docs/254758331373/id_doc_back_WhatsApp Image 2023-11-11 at 6.15.18 PM.jpeg','/var/www/matrick/uploads/docs/254758331373/signature_doc_WhatsApp Image 2023-11-11 at 6.15.17 PM.jpeg','2023-11-11 15:16:06'),(39,'Peter','Waweru','Njuriba','0790079291','Utawala','0797089678','32547355','/var/www/matrick/uploads/docs/0790079291/id_doc_TimePhoto_20231111_203551.jpg_Splitter_/var/www/matrick/uploads/docs/0790079291/id_doc_back_TimePhoto_20231111_203600.jpg','/var/www/matrick/uploads/docs/0790079291/signature_doc_TimePhoto_20231111_203551.jpg','2023-11-11 17:38:10'),(40,'Jacinta ','Ndunge ','Musa','0727962029','First floor ','Ndunge ','22778281','/var/www/matrick/uploads/docs/0727962029/id_doc_IMG_20231113_172203_4.jpg_Splitter_/var/www/matrick/uploads/docs/0727962029/id_doc_back_IMG_20231113_172219_8.jpg','/var/www/matrick/uploads/docs/0727962029/signature_doc_IMG_20231113_172203_4.jpg','2023-11-13 15:14:15'),(41,'Varary','Kiptoo','Chepchumba','0715404118','KWA GITONGA - GROUND FLOOR (FAITH HOUSE)','+254707060521','36267691','/var/www/matrick/uploads/docs/0715404118/id_doc_BOF268.jpg_Splitter_/var/www/matrick/uploads/docs/0715404118/id_doc_back_BOF269.jpg','/var/www/matrick/uploads/docs/0715404118/signature_doc_A017607803W_001.png','2023-11-14 06:09:20'),(42,'Dororthy','Mueni','Kyalo','0713303791','PIPELINE','0724854850','23228637','/var/www/matrick/uploads/docs/0713303791/id_doc_dorothy id 001.jpg_Splitter_/var/www/matrick/uploads/docs/0713303791/id_doc_back_id back 001.jpg','/var/www/matrick/uploads/docs/0713303791/signature_doc_kra dorothy 001.jpg','2023-11-14 15:41:49'),(43,'Gladys','Kerubo','Mogire','0707623075','6th floor HSE no 616','','38543552','/var/www/matrick/uploads/docs/0707623075/id_doc_IMG20231114215032.jpg_Splitter_/var/www/matrick/uploads/docs/0707623075/id_doc_back_IMG20231114215354.jpg','/var/www/matrick/uploads/docs/0707623075/signature_doc_IMG20231114215032.jpg','2023-11-14 18:54:29'),(44,'Felisters ','Mbenge','Nzioka','0729422372','Plot JM 6th floor house 93','0705482487/+254105568468','30849950','/var/www/matrick/uploads/docs/0729422372/id_doc_IMG-20231115-WA0001.jpg_Splitter_/var/www/matrick/uploads/docs/0729422372/id_doc_back_IMG-20231115-WA0002.jpg','/var/www/matrick/uploads/docs/0729422372/signature_doc_IMG-20231115-WA0000.jpg','2023-11-15 18:41:58'),(45,'Nicholas ','Kyalo','Wambua','0790720744','7 floor r00m 703','0741597284','22060603','/var/www/matrick/uploads/docs/0790720744/id_doc_TimePhoto_20231118_112642.jpg_Splitter_/var/www/matrick/uploads/docs/0790720744/id_doc_back_TimePhoto_20231118_112653.jpg','/var/www/matrick/uploads/docs/0790720744/signature_doc_TimePhoto_20231118_112642.jpg','2023-11-18 08:31:43'),(46,'Ruth','Njoki','Muriu','0794392932','C8','0725946249','23097861','/var/www/matrick/uploads/docs/0794392932/id_doc_IMG-20231118-WA0000.jpg_Splitter_/var/www/matrick/uploads/docs/0794392932/id_doc_back_IMG-20231118-WA0002.jpg','/var/www/matrick/uploads/docs/0794392932/signature_doc_IMG-20231118-WA0001.jpg','2023-11-18 08:40:59'),(47,'Felistus','Mueni','Ndisya','0796458882','Donholm','0751036042','36910640','/var/www/matrick/uploads/docs/0796458882/id_doc_TimePhoto_20231120_161204.jpg_Splitter_/var/www/matrick/uploads/docs/0796458882/id_doc_back_TimePhoto_20231120_161217.jpg','/var/www/matrick/uploads/docs/0796458882/signature_doc_TimePhoto_20231120_161241.jpg','2023-11-20 13:17:33'),(48,'Teresia','Nyambura','Marekia','0724725752','Damunga 5floor 507','','14419828','/var/www/matrick/uploads/docs/0724725752/id_doc_WhatsApp Image.jpg_Splitter_/var/www/matrick/uploads/docs/0724725752/id_doc_back_WhatsApp.jpg','/var/www/matrick/uploads/docs/0724725752/signature_doc_WhatsApp Image.jpg','2023-11-21 08:00:13'),(49,'Caroline','Mwanamisi','Kocheri','0708651573','GREEN OVALL-2ND FLOOR, HSE NO. A26','0759006250','29771333','/var/www/matrick/uploads/docs/0708651573/id_doc_id0001.jpg_Splitter_/var/www/matrick/uploads/docs/0708651573/id_doc_back_id.jpg','/var/www/matrick/uploads/docs/0708651573/signature_doc_id0002.jpg','2023-11-24 12:14:08'),(50,'Gorety','A','Adhiambo ','0727641126','Lulu, second floor,house number 29','0791412899','25707765','/var/www/matrick/uploads/docs/0727641126/id_doc_17010950707782736497384796194330.jpg_Splitter_/var/www/matrick/uploads/docs/0727641126/id_doc_back_1701095111017682804552240448361.jpg','/var/www/matrick/uploads/docs/0727641126/signature_doc_17010951456431461858916026716149.jpg','2023-11-27 14:27:21'),(51,'Susy','Nashimiyo','Makale','0719340202','3rd Floor 302','0799798224','27438834','/var/www/matrick/uploads/docs/0719340202/id_doc_1.jpg_Splitter_/var/www/matrick/uploads/docs/0719340202/id_doc_back_2.jpg','/var/www/matrick/uploads/docs/0719340202/signature_doc_3.jpg','2023-11-27 18:04:44');
/*!40000 ALTER TABLE `borrower` ENABLE KEYS */;
UNLOCK TABLES;

--
-- Table structure for table `loan`
--

DROP TABLE IF EXISTS `loan`;
/*!40101 SET @saved_cs_client     = @@character_set_client */;
/*!50503 SET character_set_client = utf8mb4 */;
CREATE TABLE `loan` (
  `loan_id` int NOT NULL AUTO_INCREMENT,
  `ref_no` varchar(50) DEFAULT NULL,
  `ltype_id` int DEFAULT NULL,
  `borrower_id` int DEFAULT NULL,
  `purpose` text,
  `amount` double DEFAULT NULL,
  `lplan_id` int DEFAULT NULL,
  `status` tinyint(1) DEFAULT NULL COMMENT '0=request, 1=confirmed, 2=released, 3=completed, 4=denied',
  `date_released` datetime DEFAULT NULL,
  `date_created` datetime DEFAULT NULL,
  `loan_form` varchar(255) DEFAULT NULL,
  `paid_amount` varchar(255) DEFAULT NULL,
  `totalAmount` varchar(255) DEFAULT NULL,
  PRIMARY KEY (`loan_id`)
) ENGINE=InnoDB AUTO_INCREMENT=61 DEFAULT CHARSET=latin1;
/*!40101 SET character_set_client = @saved_cs_client */;

--
-- Dumping data for table `loan`
--

LOCK TABLES `loan` WRITE;
/*!40000 ALTER TABLE `loan` DISABLE KEYS */;
INSERT INTO `loan` VALUES (1,'49405424',1,7,'BUSINESS',5000,2,2,'2023-10-21 09:19:38','2023-10-21 09:17:53','/var/www/matrick/uploads/loan_form/7/2023-10-21/694217/','6500','6500'),(2,'59616020',1,8,'BUSINESS WORK',7000,2,2,'2023-10-23 02:18:30','2023-10-23 01:12:40','/var/www/matrick/uploads/loan_form/8/2023-10-23/415781/SCAN199.pdf','9450','9100'),(4,'53567834',1,10,'HOUSE PURPOSE ',9000,2,2,'2023-10-23 07:50:13','2023-10-23 06:36:37','/var/www/matrick/uploads/loan_form/10/2023-10-23/583467/SCAN203.pdf','11900','11700'),(5,'49611727',1,11,'Business Loan',5000,2,2,'2023-10-24 20:48:31','2023-10-24 20:18:45','/var/www/matrick/uploads/loan_form/11/2023-10-24/452665/loan_form.png','6500','6500'),(6,'87122187',1,12,'Business Loan',4000,2,2,'2023-10-24 21:35:32','2023-10-24 21:29:45','/var/www/matrick/uploads/loan_form/0746604818/2023-10-24/618677/','5200','5200'),(11,'24469011',1,14,'Business Loan',2000,2,2,'2023-10-26 10:24:54','2023-10-25 18:57:45','/var/www/matrick/uploads/loan_form/14/2023-10-25/307187/Screenshot_20231025-151620.png','2600','2600'),(12,'3420040',1,16,'Business Loan',15000,2,2,'2023-10-26 05:52:48','2023-10-25 19:02:25','/var/www/matrick/uploads/loan_form/16/2023-10-25/127172/loan_form.png','19500','19500'),(13,'63694091',1,19,'Business Loan',1000,2,NULL,NULL,'2023-10-26 15:55:27','/var/www/matrick/uploads/loan_form/19/2023-10-26/979898/loan_form.png','0','1300'),(14,'30726047',1,20,'Business Loan',8000,2,NULL,NULL,'2023-10-26 16:28:33','/var/www/matrick/uploads/loan_form/20/2023-10-26/859463/loan_form.png','0','10400'),(15,'89913567',1,21,'Business Loan',3000,2,2,'2023-10-26 20:56:32','2023-10-26 20:11:41','/var/www/matrick/uploads/loan_form/21/2023-10-26/904528/loan_form.png','3900','3900'),(16,'44309271',1,22,'Business Loan',4000,2,2,'2023-10-27 21:21:00','2023-10-27 20:32:56','/var/www/matrick/uploads/loan_form/22/2023-10-27/464767/loan_form.png','5200','5200'),(17,'73971918',1,23,'Business Loan',6000,2,2,'2023-10-28 20:30:19','2023-10-28 12:16:51','/var/www/matrick/uploads/loan_form/23/2023-10-28/478733/loan_form.png','7800','7800'),(19,'53297271',1,25,'Business Loan',7000,2,2,'2023-10-29 19:09:15','2023-10-29 19:05:47','/var/www/matrick/uploads/loan_form/25/2023-10-29/798539/loan_form.png','9100','9100'),(20,'53509305',1,26,'Business Loan',8000,2,2,'2023-10-31 19:26:41','2023-10-31 13:15:57','/var/www/matrick/uploads/loan_form/26/2023-10-31/696274/loan_form.png','10400','10400'),(21,'92539921',1,27,'Business Loan',5000,2,2,'2023-11-01 21:10:47','2023-11-01 11:33:35','/var/www/matrick/uploads/loan_form/27/2023-11-01/277059/loan_form.png','6500','6500'),(22,'14171591',1,28,'Business Loan',15000,2,2,'2023-11-02 21:06:05','2023-11-02 12:42:23','/var/www/matrick/uploads/loan_form/28/2023-11-02/829340/loan_form.png','19750','19500'),(23,'1460526',1,29,'Business Loan',8000,2,2,'2023-11-03 08:47:39','2023-11-03 08:25:47','/var/www/matrick/uploads/loan_form/29/2023-11-03/144522/loan_form.png','10400','10400'),(24,'18177735',1,30,'Business Loan',6000,2,2,'2023-11-03 21:44:13','2023-11-03 21:41:25','/var/www/matrick/uploads/loan_form/30/2023-11-03/29919/loan_form.png','7800','7800'),(25,'17265394',1,31,'Business Loan',5000,2,2,'2023-11-04 20:54:23','2023-11-04 20:14:38','/var/www/matrick/uploads/loan_form/31/2023-11-04/85816/loan_form.png','6500','6500'),(26,'79007619',1,32,'Business Loan',3000,2,2,'2023-11-06 18:09:21','2023-11-06 17:52:36','/var/www/matrick/uploads/loan_form/32/2023-11-06/609228/loan_form.png','2550','3900'),(29,'33425451',1,34,'Business Loan',4000,2,2,'2023-11-08 16:30:52','2023-11-08 16:19:35','/var/www/matrick/uploads/loan_form/34/2023-11-08/419232/loan_form.png','3400','5200'),(30,'64686042',1,35,'Business Loan',5000,2,2,'2023-11-09 10:32:45','2023-11-08 23:09:04','/var/www/matrick/uploads/loan_form/35/2023-11-08/302485/loan_form.png','5750','6500'),(31,'47938134',1,36,'Business Loan',2000,2,2,'2023-11-09 10:45:58','2023-11-09 09:04:18','/var/www/matrick/uploads/loan_form/36/2023-11-09/262771/loan_form.png','2300','2600'),(32,'94750065',1,37,'Business Loan',4000,2,2,'2023-11-10 19:27:26','2023-11-10 18:59:45','/var/www/matrick/uploads/loan_form/37/2023-11-10/466907/loan_form.png','4400','5200'),(33,'5287872',1,8,'Business Loan',8000,2,2,'2023-11-11 17:04:13','2023-11-11 11:48:01','/var/www/matrick/uploads/loan_form/8/2023-11-11/870545/loan_form.png','6000','10400'),(34,'74934876',1,38,'Business Loan',7000,2,2,'2023-11-11 18:41:23','2023-11-11 18:16:28','/var/www/matrick/uploads/loan_form/38/2023-11-11/134765/loan_form.png','7350','9100'),(35,'63042278',1,39,'Business Loan',3000,2,2,'2023-11-12 19:23:33','2023-11-11 23:54:55','/var/www/matrick/uploads/loan_form/39/2023-11-11/744712/loan_form.png','2400','3900'),(36,'3138289',1,40,'Business Loan',8000,2,2,'2023-11-13 18:32:45','2023-11-13 18:29:36','/var/www/matrick/uploads/loan_form/40/2023-11-13/721936/loan_form.png','7200','10400'),(37,'67973830',1,41,'Business Loan',10000,2,2,'2023-11-14 09:24:24','2023-11-14 09:09:38','/var/www/matrick/uploads/loan_form/41/2023-11-14/850928/loan_form.png','9000','13000'),(38,'27614190',1,16,'Business Loan',15000,2,2,'2023-11-14 12:02:51','2023-11-14 11:57:21','/var/www/matrick/uploads/loan_form/16/2023-11-14/604328/loan_form.png','12000','19500'),(39,'20473143',1,42,'Business Loan',6000,2,2,'2023-11-14 21:17:35','2023-11-14 18:43:26','/var/www/matrick/uploads/loan_form/42/2023-11-14/396400/loan_form.png','5400','7800'),(40,'86131268',1,43,'Business Loan',3000,2,2,'2023-11-14 22:56:09','2023-11-14 21:55:47','/var/www/matrick/uploads/loan_form/43/2023-11-14/839939/loan_form.png','2100','3900'),(41,'51644802',1,12,'Business Loan',7000,2,2,'2023-11-15 21:32:13','2023-11-15 20:49:23','/var/www/matrick/uploads/loan_form/12/2023-11-15/525159/loan_form.png','5600','9100'),(42,'7216880',1,44,'Business Loan',12000,2,2,'2023-11-15 21:50:27','2023-11-15 21:42:22','/var/www/matrick/uploads/loan_form/44/2023-11-15/657248/loan_form.png','8400','15600'),(43,'89974607',1,7,'Business Loan',5000,2,2,'2023-11-17 21:20:50','2023-11-17 20:38:10','/var/www/matrick/uploads/loan_form/7/2023-11-17/693545/loan_form.png','3750','6500'),(44,'88044338',1,45,'Business Loan',6000,2,2,'2023-11-18 11:41:30','2023-11-18 11:32:16','/var/www/matrick/uploads/loan_form/45/2023-11-18/810618/loan_form.png','3300','7800'),(45,'4594171',1,46,'Business Loan',13000,2,2,'2023-11-20 15:01:03','2023-11-18 11:41:32','/var/www/matrick/uploads/loan_form/46/2023-11-18/239389/loan_form.png','3900','16900'),(46,'20384093',1,47,'Business Loan',5000,2,2,'2023-11-20 16:50:35','2023-11-20 16:19:13','/var/www/matrick/uploads/loan_form/47/2023-11-20/827732/loan_form.png','3000','6500'),(47,'85113691',1,48,'Business Loan',5000,2,2,'2023-11-21 12:40:07','2023-11-21 12:36:29','/var/www/matrick/uploads/loan_form/48/2023-11-21/121116/loan_form.png','2500','6500'),(48,'52761859',1,10,'Business Loa',5000,2,2,'2023-11-21 18:43:12','2023-11-21 17:57:02','/var/www/matrick/uploads/loan_form/10/2023-11-21/670949/loan_form.png','2500','6500'),(49,'19849167',1,22,'Business Loan',4000,2,2,'2023-11-21 22:53:46','2023-11-21 22:52:42','/var/www/matrick/uploads/loan_form/22/2023-11-21/295836/loan_form.png','2200','5200'),(50,'73928855',1,23,'Business Loan',5000,2,2,'2023-11-23 09:12:46','2023-11-23 08:00:35','/var/www/matrick/uploads/loan_form/23/2023-11-23/937719/loan_form.png','1750','6500'),(51,'83754492',1,49,'Business Loan',5000,2,2,'2023-11-24 17:27:19','2023-11-24 15:14:45','/var/www/matrick/uploads/loan_form/49/2023-11-24/696574/loan_form.png','1250','6500'),(52,'22707601',1,21,'Business Loan',3000,2,2,'2023-11-26 08:47:56','2023-11-26 08:11:26','/var/www/matrick/uploads/loan_form/21/2023-11-26/59203/loan_form.png','750','3900'),(53,'63985219',1,26,'Business Loan',10000,2,2,'2023-11-27 13:15:34','2023-11-27 13:10:04','/var/www/matrick/uploads/loan_form/26/2023-11-27/868589/loan_form.png','2500','13000'),(54,'43159914',1,50,'Business Loan',4000,2,2,'2023-11-27 18:47:22','2023-11-27 17:27:51','/var/www/matrick/uploads/loan_form/50/2023-11-27/534293/loan_form.png','1000','5200'),(55,'9538428',1,27,'Business Loan',5000,2,2,'2023-11-29 12:41:55','2023-11-27 19:56:03','/var/www/matrick/uploads/loan_form/27/2023-11-27/467317/loan_form.png','750','6500'),(56,'73205063',1,51,'Business Loan',6000,2,2,'2023-11-27 21:28:32','2023-11-27 21:08:26','/var/www/matrick/uploads/loan_form/51/2023-11-27/553149/loan_form.png','1500','7800'),(57,'29253844',1,28,'Business Loan',20000,2,2,'2023-11-29 19:07:41','2023-11-29 15:41:12','/var/www/matrick/uploads/loan_form/28/2023-11-29/333181/loan_form.png','3000','26000'),(58,'94747457',1,29,'Business Loan',10000,2,2,'2023-11-30 12:13:27','2023-11-30 11:00:20','/var/www/matrick/uploads/loan_form/29/2023-11-30/34624/loan_form.png','1000','13000'),(59,'52924521',1,31,'Business Loan',5000,2,2,'2023-11-30 18:24:58','2023-11-30 11:22:25','/var/www/matrick/uploads/loan_form/31/2023-11-30/469987/loan_form.png','500','6500'),(60,'78856959',1,30,'Business Loan',6000,2,2,'2023-12-01 19:24:43','2023-12-01 11:26:48','/var/www/matrick/uploads/loan_form/30/2023-12-01/855895/loan_form.png','300','7800');
/*!40000 ALTER TABLE `loan` ENABLE KEYS */;
UNLOCK TABLES;

--
-- Table structure for table `loan_plan`
--

DROP TABLE IF EXISTS `loan_plan`;
/*!40101 SET @saved_cs_client     = @@character_set_client */;
/*!50503 SET character_set_client = utf8mb4 */;
CREATE TABLE `loan_plan` (
  `lplan_id` int NOT NULL AUTO_INCREMENT,
  `lplan_month` int NOT NULL,
  `lplan_interest` float NOT NULL,
  `lplan_penalty` int NOT NULL,
  PRIMARY KEY (`lplan_id`)
) ENGINE=InnoDB AUTO_INCREMENT=3 DEFAULT CHARSET=latin1;
/*!40101 SET character_set_client = @saved_cs_client */;

--
-- Dumping data for table `loan_plan`
--

LOCK TABLES `loan_plan` WRITE;
/*!40000 ALTER TABLE `loan_plan` DISABLE KEYS */;
INSERT INTO `loan_plan` VALUES (2,26,30,5);
/*!40000 ALTER TABLE `loan_plan` ENABLE KEYS */;
UNLOCK TABLES;

--
-- Table structure for table `loan_schedule`
--

DROP TABLE IF EXISTS `loan_schedule`;
/*!40101 SET @saved_cs_client     = @@character_set_client */;
/*!50503 SET character_set_client = utf8mb4 */;
CREATE TABLE `loan_schedule` (
  `loan_sched_id` int NOT NULL AUTO_INCREMENT,
  `loan_id` int NOT NULL,
  `due_date` date NOT NULL,
  `amount_paid` varchar(255) DEFAULT NULL,
  `status` varchar(255) DEFAULT NULL,
  PRIMARY KEY (`loan_sched_id`)
) ENGINE=InnoDB AUTO_INCREMENT=2661 DEFAULT CHARSET=latin1;
/*!40101 SET character_set_client = @saved_cs_client */;

--
-- Dumping data for table `loan_schedule`
--

LOCK TABLES `loan_schedule` WRITE;
/*!40000 ALTER TABLE `loan_schedule` DISABLE KEYS */;
INSERT INTO `loan_schedule` VALUES (568,3,'2023-10-20',NULL,NULL),(569,3,'2023-10-21',NULL,NULL),(570,3,'2023-10-22',NULL,NULL),(571,3,'2023-10-23',NULL,NULL),(572,3,'2023-10-24',NULL,NULL),(573,3,'2023-10-25',NULL,NULL),(574,3,'2023-10-26',NULL,NULL),(575,3,'2023-10-27',NULL,NULL),(576,3,'2023-10-28',NULL,NULL),(577,3,'2023-10-29',NULL,NULL),(578,3,'2023-10-30',NULL,NULL),(579,3,'2023-10-31',NULL,NULL),(580,3,'2023-11-01',NULL,NULL),(581,3,'2023-11-02',NULL,NULL),(582,3,'2023-11-03',NULL,NULL),(583,3,'2023-11-04',NULL,NULL),(584,3,'2023-11-05',NULL,NULL),(585,3,'2023-11-06',NULL,NULL),(586,3,'2023-11-07',NULL,NULL),(587,3,'2023-11-08',NULL,NULL),(588,3,'2023-11-09',NULL,NULL),(589,3,'2023-11-10',NULL,NULL),(590,3,'2023-11-11',NULL,NULL),(591,3,'2023-11-12',NULL,NULL),(592,3,'2023-11-13',NULL,NULL),(593,3,'2023-11-14',NULL,NULL),(594,3,'2023-11-15',NULL,NULL),(622,3,'2023-10-21',NULL,NULL),(623,3,'2023-10-22',NULL,NULL),(624,3,'2023-10-23',NULL,NULL),(625,3,'2023-10-24',NULL,NULL),(626,3,'2023-10-25',NULL,NULL),(627,3,'2023-10-26',NULL,NULL),(628,3,'2023-10-27',NULL,NULL),(629,3,'2023-10-28',NULL,NULL),(630,3,'2023-10-29',NULL,NULL),(631,3,'2023-10-30',NULL,NULL),(632,3,'2023-10-31',NULL,NULL),(633,3,'2023-11-01',NULL,NULL),(634,3,'2023-11-02',NULL,NULL),(635,3,'2023-11-03',NULL,NULL),(636,3,'2023-11-04',NULL,NULL),(637,3,'2023-11-05',NULL,NULL),(638,3,'2023-11-06',NULL,NULL),(639,3,'2023-11-07',NULL,NULL),(640,3,'2023-11-08',NULL,NULL),(641,3,'2023-11-09',NULL,NULL),(642,3,'2023-11-10',NULL,NULL),(643,3,'2023-11-11',NULL,NULL),(644,3,'2023-11-12',NULL,NULL),(645,3,'2023-11-13',NULL,NULL),(646,3,'2023-11-14',NULL,NULL),(647,3,'2023-11-15',NULL,NULL),(648,3,'2023-11-16',NULL,NULL),(945,2,'2023-10-23','350','1'),(946,2,'2023-10-24','350','1'),(947,2,'2023-10-25','350','1'),(948,2,'2023-10-26','350','1'),(949,2,'2023-10-27','350','1'),(950,2,'2023-10-28','350','1'),(951,2,'2023-10-29','350','1'),(952,2,'2023-10-30','350','1'),(953,2,'2023-10-31','350','1'),(954,2,'2023-11-01','350','1'),(955,2,'2023-11-02','350','1'),(956,2,'2023-11-03','350','1'),(957,2,'2023-11-04','350','1'),(958,2,'2023-11-05','350','1'),(959,2,'2023-11-06',NULL,NULL),(960,2,'2023-11-07','350','1'),(961,2,'2023-11-08','350','1'),(962,2,'2023-11-09','350','1'),(963,2,'2023-11-10','350','1'),(964,2,'2023-11-11','2800','1'),(965,2,'2023-11-12',NULL,NULL),(966,2,'2023-11-13','350','1'),(967,2,'2023-11-14',NULL,NULL),(968,2,'2023-11-15',NULL,NULL),(969,2,'2023-11-16',NULL,NULL),(970,2,'2023-11-17',NULL,NULL),(971,6,'2023-10-24','200','1'),(972,6,'2023-10-25','200','1'),(973,6,'2023-10-26','200','1'),(974,6,'2023-10-27','200','1'),(975,6,'2023-10-28','200','1'),(976,6,'2023-10-29','200','1'),(977,6,'2023-10-30','200','1'),(978,6,'2023-10-31','200','1'),(979,6,'2023-11-01','200','1'),(980,6,'2023-11-02','200','1'),(981,6,'2023-11-03','200','1'),(982,6,'2023-11-04','200','1'),(983,6,'2023-11-05','200','1'),(984,6,'2023-11-06',NULL,NULL),(985,6,'2023-11-07','400','1'),(986,6,'2023-11-08','200','1'),(987,6,'2023-11-09','200','1'),(988,6,'2023-11-10','200','1'),(989,6,'2023-11-11','200','1'),(990,6,'2023-11-12','200','1'),(991,6,'2023-11-13','200','1'),(992,6,'2023-11-14','200','1'),(993,6,'2023-11-15','800','1'),(994,6,'2023-11-16',NULL,NULL),(995,6,'2023-11-17',NULL,NULL),(996,6,'2023-11-18',NULL,NULL),(1127,11,'2023-10-26','100','1'),(1128,11,'2023-10-27','100','1'),(1129,11,'2023-10-28','100','1'),(1130,11,'2023-10-29','100','1'),(1131,11,'2023-10-30','100','1'),(1132,11,'2023-10-31','100','1'),(1133,11,'2023-11-01','100','1'),(1134,11,'2023-11-02','100','1'),(1135,11,'2023-11-03','100','1'),(1136,11,'2023-11-04','100','1'),(1137,11,'2023-11-05','100','1'),(1138,11,'2023-11-06','100','1'),(1139,11,'2023-11-07','100','1'),(1140,11,'2023-11-08','100','1'),(1141,11,'2023-11-09','100','1'),(1142,11,'2023-11-10','100','1'),(1143,11,'2023-11-11','100','1'),(1144,11,'2023-11-12','100','1'),(1145,11,'2023-11-13','100','1'),(1146,11,'2023-11-14','100','1'),(1147,11,'2023-11-15','100','1'),(1148,11,'2023-11-16','100','1'),(1149,11,'2023-11-17','100','1'),(1150,11,'2023-11-18',NULL,NULL),(1151,11,'2023-11-19','100','1'),(1152,11,'2023-11-20',NULL,NULL),(1153,12,'2023-10-26','750','1'),(1154,12,'2023-10-27','750','1'),(1155,12,'2023-10-28','750','1'),(1156,12,'2023-10-29',NULL,NULL),(1157,12,'2023-10-30','750','1'),(1158,12,'2023-10-31','750','1'),(1159,12,'2023-11-01','750','1'),(1160,12,'2023-11-02',NULL,NULL),(1161,12,'2023-11-03','1500','1'),(1162,12,'2023-11-04',NULL,NULL),(1163,12,'2023-11-05','1250','1'),(1164,12,'2023-11-06','250','1'),(1165,12,'2023-11-07','750','1'),(1166,12,'2023-11-08','750','1'),(1167,12,'2023-11-09','750','1'),(1168,12,'2023-11-10','750','1'),(1169,12,'2023-11-11','750','1'),(1170,12,'2023-11-12','750','1'),(1171,12,'2023-11-13','750','1'),(1172,12,'2023-11-14','6750','1'),(1173,12,'2023-11-15',NULL,NULL),(1174,12,'2023-11-16',NULL,NULL),(1175,12,'2023-11-17',NULL,NULL),(1176,12,'2023-11-18',NULL,NULL),(1177,12,'2023-11-19',NULL,NULL),(1178,12,'2023-11-20',NULL,NULL),(1179,15,'2023-10-26','150','1'),(1180,15,'2023-10-27','150','1'),(1181,15,'2023-10-28','150','1'),(1182,15,'2023-10-29','150','1'),(1183,15,'2023-10-30','150','1'),(1184,15,'2023-10-31','150','1'),(1185,15,'2023-11-01','150','1'),(1186,15,'2023-11-02','150','1'),(1187,15,'2023-11-03','150','1'),(1188,15,'2023-11-04','150','1'),(1189,15,'2023-11-05','150','1'),(1190,15,'2023-11-06','150','1'),(1191,15,'2023-11-07','150','1'),(1192,15,'2023-11-08','150','1'),(1193,15,'2023-11-09','150','1'),(1194,15,'2023-11-10','150','1'),(1195,15,'2023-11-11','150','1'),(1196,15,'2023-11-12','150','1'),(1197,15,'2023-11-13','150','1'),(1198,15,'2023-11-14','150','1'),(1199,15,'2023-11-15','150','1'),(1200,15,'2023-11-16','150','1'),(1201,15,'2023-11-17','150','1'),(1202,15,'2023-11-18','150','1'),(1203,15,'2023-11-19','150','1'),(1204,15,'2023-11-20','150','1'),(1205,16,'2023-10-27','200','1'),(1206,16,'2023-10-28','200','1'),(1207,16,'2023-10-29','200','1'),(1208,16,'2023-10-30','200','1'),(1209,16,'2023-10-31','200','1'),(1210,16,'2023-11-01','200','1'),(1211,16,'2023-11-02','200','1'),(1212,16,'2023-11-03','200','1'),(1213,16,'2023-11-04','200','1'),(1214,16,'2023-11-05','200','1'),(1215,16,'2023-11-06','200','1'),(1216,16,'2023-11-07','200','1'),(1217,16,'2023-11-08','200','1'),(1218,16,'2023-11-09','200','1'),(1219,16,'2023-11-10','200','1'),(1220,16,'2023-11-11','200','1'),(1221,16,'2023-11-12','200','1'),(1222,16,'2023-11-13','200','1'),(1223,16,'2023-11-14','200','1'),(1224,16,'2023-11-15','200','1'),(1225,16,'2023-11-16','200','1'),(1226,16,'2023-11-17','200','1'),(1227,16,'2023-11-18','200','1'),(1228,16,'2023-11-19','200','1'),(1229,16,'2023-11-20','200','1'),(1230,16,'2023-11-21','200','1'),(1231,17,'2023-10-28','300','1'),(1232,17,'2023-10-29','300','1'),(1233,17,'2023-10-30','300','1'),(1234,17,'2023-10-31','300','1'),(1235,17,'2023-11-01','300','1'),(1236,17,'2023-11-02','300','1'),(1237,17,'2023-11-03','300','1'),(1238,17,'2023-11-04',NULL,NULL),(1239,17,'2023-11-05','300','1'),(1240,17,'2023-11-06','300','1'),(1241,17,'2023-11-07','300','1'),(1242,17,'2023-11-08','300','1'),(1243,17,'2023-11-09','200','1'),(1244,17,'2023-11-10',NULL,NULL),(1245,17,'2023-11-11','300','1'),(1246,17,'2023-11-12','300','1'),(1247,17,'2023-11-13','300','1'),(1248,17,'2023-11-14','300','1'),(1249,17,'2023-11-15',NULL,NULL),(1250,17,'2023-11-16','300','1'),(1251,17,'2023-11-17',NULL,NULL),(1252,17,'2023-11-18','300','1'),(1253,17,'2023-11-19',NULL,NULL),(1254,17,'2023-11-20',NULL,NULL),(1255,17,'2023-11-21',NULL,NULL),(1256,17,'2023-11-22',NULL,NULL),(1257,19,'2023-10-29','350','1'),(1258,19,'2023-10-30','350','1'),(1259,19,'2023-10-31','350','1'),(1260,19,'2023-11-01','350','1'),(1261,19,'2023-11-02',NULL,NULL),(1262,19,'2023-11-03',NULL,NULL),(1263,19,'2023-11-04','1050','1'),(1264,19,'2023-11-05',NULL,NULL),(1265,19,'2023-11-06',NULL,NULL),(1266,19,'2023-11-07',NULL,NULL),(1267,19,'2023-11-08',NULL,NULL),(1268,19,'2023-11-09','1050','1'),(1269,19,'2023-11-10',NULL,NULL),(1270,19,'2023-11-11',NULL,NULL),(1271,19,'2023-11-12',NULL,NULL),(1272,19,'2023-11-13','1050','1'),(1273,19,'2023-11-14',NULL,NULL),(1274,19,'2023-11-15','1050','1'),(1275,19,'2023-11-16',NULL,NULL),(1276,19,'2023-11-17','350','1'),(1277,19,'2023-11-18','350','1'),(1278,19,'2023-11-19','1050','1'),(1279,19,'2023-11-20','350','1'),(1280,19,'2023-11-21',NULL,NULL),(1281,19,'2023-11-22','1050','1'),(1282,19,'2023-11-23',NULL,NULL),(1283,20,'2023-10-31','400','1'),(1284,20,'2023-11-01','400','1'),(1285,20,'2023-11-02','400','1'),(1286,20,'2023-11-03','400','1'),(1287,20,'2023-11-04','400','1'),(1288,20,'2023-11-05','400','1'),(1289,20,'2023-11-06','400','1'),(1290,20,'2023-11-07','400','1'),(1291,20,'2023-11-08','400','1'),(1292,20,'2023-11-09','400','1'),(1293,20,'2023-11-10','400','1'),(1294,20,'2023-11-11','400','1'),(1295,20,'2023-11-12','400','1'),(1296,20,'2023-11-13','400','1'),(1297,20,'2023-11-14','400','1'),(1298,20,'2023-11-15','400','1'),(1299,20,'2023-11-16','400','1'),(1300,20,'2023-11-17','400','1'),(1301,20,'2023-11-18','400','1'),(1302,20,'2023-11-19','400','1'),(1303,20,'2023-11-20','400','1'),(1304,20,'2023-11-21','400','1'),(1305,20,'2023-11-22','400','1'),(1306,20,'2023-11-23','400','1'),(1307,20,'2023-11-24','400','1'),(1308,20,'2023-11-25','400','1'),(1309,21,'2023-11-01','250','1'),(1310,21,'2023-11-02','250','1'),(1311,21,'2023-11-03','250','1'),(1312,21,'2023-11-04','250','1'),(1313,21,'2023-11-05','250','1'),(1314,21,'2023-11-06','250','1'),(1315,21,'2023-11-07','250','1'),(1316,21,'2023-11-08','250','1'),(1317,21,'2023-11-09','250','1'),(1318,21,'2023-11-10','250','1'),(1319,21,'2023-11-11','250','1'),(1320,21,'2023-11-12','250','1'),(1321,21,'2023-11-13','250','1'),(1322,21,'2023-11-14','250','1'),(1323,21,'2023-11-15','250','1'),(1324,21,'2023-11-16','250','1'),(1325,21,'2023-11-17','250','1'),(1326,21,'2023-11-18','250','1'),(1327,21,'2023-11-19','250','1'),(1328,21,'2023-11-20','250','1'),(1329,21,'2023-11-21','250','1'),(1330,21,'2023-11-22','250','1'),(1331,21,'2023-11-23','250','1'),(1332,21,'2023-11-24','250','1'),(1333,21,'2023-11-25','250','1'),(1334,21,'2023-11-26','250','1'),(1335,22,'2023-11-02','750','1'),(1336,22,'2023-11-03','750','1'),(1337,22,'2023-11-04','750','1'),(1338,22,'2023-11-05','750','1'),(1339,22,'2023-11-06','750','1'),(1340,22,'2023-11-07','1000','1'),(1341,22,'2023-11-08','750','1'),(1342,22,'2023-11-09','1000','1'),(1343,22,'2023-11-10','750','1'),(1344,22,'2023-11-11','1000','1'),(1345,22,'2023-11-12','750','1'),(1346,22,'2023-11-13','750','1'),(1347,22,'2023-11-14','750','1'),(1348,22,'2023-11-15','1000','1'),(1349,22,'2023-11-16','750','1'),(1350,22,'2023-11-17','750','1'),(1351,22,'2023-11-18','750','1'),(1352,22,'2023-11-19',NULL,NULL),(1353,22,'2023-11-20','750','1'),(1354,22,'2023-11-21','750','1'),(1355,22,'2023-11-22','1500','1'),(1356,22,'2023-11-23','750','1'),(1357,22,'2023-11-24','750','1'),(1358,22,'2023-11-25','750','1'),(1359,22,'2023-11-26',NULL,NULL),(1360,22,'2023-11-27','750','1'),(1361,23,'2023-11-03','400','1'),(1362,23,'2023-11-04','400','1'),(1363,23,'2023-11-05','400','1'),(1364,23,'2023-11-06','400','1'),(1365,23,'2023-11-07','400','1'),(1366,23,'2023-11-08','400','1'),(1367,23,'2023-11-09','400','1'),(1368,23,'2023-11-10','400','1'),(1369,23,'2023-11-11','400','1'),(1370,23,'2023-11-12','400','1'),(1371,23,'2023-11-13','400','1'),(1372,23,'2023-11-14','400','1'),(1373,23,'2023-11-15','400','1'),(1374,23,'2023-11-16','400','1'),(1375,23,'2023-11-17','400','1'),(1376,23,'2023-11-18','400','1'),(1377,23,'2023-11-19','400','1'),(1378,23,'2023-11-20','400','1'),(1379,23,'2023-11-21','400','1'),(1380,23,'2023-11-22','400','1'),(1381,23,'2023-11-23','400','1'),(1382,23,'2023-11-24','400','1'),(1383,23,'2023-11-25','400','1'),(1384,23,'2023-11-26','400','1'),(1385,23,'2023-11-27','400','1'),(1386,23,'2023-11-28','400','1'),(1387,24,'2023-11-03','300','1'),(1388,24,'2023-11-04','300','1'),(1389,24,'2023-11-05','300','1'),(1390,24,'2023-11-06','300','1'),(1391,24,'2023-11-07','300','1'),(1392,24,'2023-11-08','300','1'),(1393,24,'2023-11-09','300','1'),(1394,24,'2023-11-10','300','1'),(1395,24,'2023-11-11','300','1'),(1396,24,'2023-11-12','300','1'),(1397,24,'2023-11-13','300','1'),(1398,24,'2023-11-14','300','1'),(1399,24,'2023-11-15','300','1'),(1400,24,'2023-11-16','300','1'),(1401,24,'2023-11-17','300','1'),(1402,24,'2023-11-18','300','1'),(1403,24,'2023-11-19','300','1'),(1404,24,'2023-11-20','300','1'),(1405,24,'2023-11-21','300','1'),(1406,24,'2023-11-22','300','1'),(1407,24,'2023-11-23','300','1'),(1408,24,'2023-11-24','300','1'),(1409,24,'2023-11-25','300','1'),(1410,24,'2023-11-26','300','1'),(1411,24,'2023-11-27','300','1'),(1412,24,'2023-11-28','300','1'),(1413,25,'2023-11-04','250','1'),(1414,25,'2023-11-05','250','1'),(1415,25,'2023-11-06','250','1'),(1416,25,'2023-11-07','250','1'),(1417,25,'2023-11-08','250','1'),(1418,25,'2023-11-09','250','1'),(1419,25,'2023-11-10','250','1'),(1420,25,'2023-11-11','250','1'),(1421,25,'2023-11-12','250','1'),(1422,25,'2023-11-13','250','1'),(1423,25,'2023-11-14','250','1'),(1424,25,'2023-11-15','250','1'),(1425,25,'2023-11-16','250','1'),(1426,25,'2023-11-17','250','1'),(1427,25,'2023-11-18','250','1'),(1428,25,'2023-11-19','250','1'),(1429,25,'2023-11-20','250','1'),(1430,25,'2023-11-21','250','1'),(1431,25,'2023-11-22','250','1'),(1432,25,'2023-11-23','250','1'),(1433,25,'2023-11-24','250','1'),(1434,25,'2023-11-25','250','1'),(1435,25,'2023-11-26','250','1'),(1436,25,'2023-11-27','250','1'),(1437,25,'2023-11-28','250','1'),(1438,25,'2023-11-29','250','1'),(1439,26,'2023-11-06','150','1'),(1440,26,'2023-11-07','150','1'),(1441,26,'2023-11-08','150','1'),(1442,26,'2023-11-09',NULL,NULL),(1443,26,'2023-11-10','150','1'),(1444,26,'2023-11-11','150','1'),(1445,26,'2023-11-12','150','1'),(1446,26,'2023-11-13','150','1'),(1447,26,'2023-11-14','150','1'),(1448,26,'2023-11-15','150','1'),(1449,26,'2023-11-16','150','1'),(1450,26,'2023-11-17',NULL,NULL),(1451,26,'2023-11-18','150','1'),(1452,26,'2023-11-19',NULL,NULL),(1453,26,'2023-11-20','150','1'),(1454,26,'2023-11-21','150','1'),(1455,26,'2023-11-22','150','1'),(1456,26,'2023-11-23','150','1'),(1457,26,'2023-11-24','150','1'),(1458,26,'2023-11-25',NULL,NULL),(1459,26,'2023-11-26',NULL,NULL),(1460,26,'2023-11-27',NULL,NULL),(1461,26,'2023-11-28',NULL,NULL),(1462,26,'2023-11-29',NULL,NULL),(1463,26,'2023-11-30',NULL,NULL),(1464,26,'2023-12-01',NULL,NULL),(1465,29,'2023-11-08','200','1'),(1466,29,'2023-11-09','200','1'),(1467,29,'2023-11-10','200','1'),(1468,29,'2023-11-11','200','1'),(1469,29,'2023-11-12','200','1'),(1470,29,'2023-11-13','200','1'),(1471,29,'2023-11-14',NULL,NULL),(1472,29,'2023-11-15',NULL,NULL),(1473,29,'2023-11-16','200','1'),(1474,29,'2023-11-17','200','1'),(1475,29,'2023-11-18',NULL,NULL),(1476,29,'2023-11-19',NULL,NULL),(1477,29,'2023-11-20',NULL,NULL),(1478,29,'2023-11-21',NULL,NULL),(1479,29,'2023-11-22',NULL,NULL),(1480,29,'2023-11-23','1000','1'),(1481,29,'2023-11-24',NULL,NULL),(1482,29,'2023-11-25',NULL,NULL),(1483,29,'2023-11-26','200','1'),(1484,29,'2023-11-27','200','1'),(1485,29,'2023-11-28','200','1'),(1486,29,'2023-11-29',NULL,NULL),(1487,29,'2023-11-30','200','1'),(1488,29,'2023-12-01',NULL,NULL),(1489,29,'2023-12-02',NULL,NULL),(1490,29,'2023-12-03',NULL,NULL),(1491,30,'2023-11-09','250','1'),(1492,30,'2023-11-10','250','1'),(1493,30,'2023-11-11','250','1'),(1494,30,'2023-11-12','250','1'),(1495,30,'2023-11-13','250','1'),(1496,30,'2023-11-14','250','1'),(1497,30,'2023-11-15','250','1'),(1498,30,'2023-11-16','250','1'),(1499,30,'2023-11-17','250','1'),(1500,30,'2023-11-18','250','1'),(1501,30,'2023-11-19','250','1'),(1502,30,'2023-11-20','250','1'),(1503,30,'2023-11-21','250','1'),(1504,30,'2023-11-22','250','1'),(1505,30,'2023-11-23','250','1'),(1506,30,'2023-11-24','250','1'),(1507,30,'2023-11-25','250','1'),(1508,30,'2023-11-26','250','1'),(1509,30,'2023-11-27','250','1'),(1510,30,'2023-11-28','250','1'),(1511,30,'2023-11-29','250','1'),(1512,30,'2023-11-30','250','1'),(1513,30,'2023-12-01','250','1'),(1514,30,'2023-12-02',NULL,NULL),(1515,30,'2023-12-03',NULL,NULL),(1516,30,'2023-12-04',NULL,NULL),(1517,31,'2023-11-09','100','1'),(1518,31,'2023-11-10','100','1'),(1519,31,'2023-11-11','100','1'),(1520,31,'2023-11-12','100','1'),(1521,31,'2023-11-13','100','1'),(1522,31,'2023-11-14','100','1'),(1523,31,'2023-11-15','100','1'),(1524,31,'2023-11-16','100','1'),(1525,31,'2023-11-17','100','1'),(1526,31,'2023-11-18','100','1'),(1527,31,'2023-11-19','100','1'),(1528,31,'2023-11-20','100','1'),(1529,31,'2023-11-21','100','1'),(1530,31,'2023-11-22','100','1'),(1531,31,'2023-11-23','100','1'),(1532,31,'2023-11-24','100','1'),(1533,31,'2023-11-25','100','1'),(1534,31,'2023-11-26','100','1'),(1535,31,'2023-11-27','100','1'),(1536,31,'2023-11-28','100','1'),(1537,31,'2023-11-29','100','1'),(1538,31,'2023-11-30','100','1'),(1539,31,'2023-12-01','100','1'),(1540,31,'2023-12-02',NULL,NULL),(1541,31,'2023-12-03',NULL,NULL),(1542,31,'2023-12-04',NULL,NULL),(1543,32,'2023-11-10','200','1'),(1544,32,'2023-11-11','200','1'),(1545,32,'2023-11-12','200','1'),(1546,32,'2023-11-13','200','1'),(1547,32,'2023-11-14','200','1'),(1548,32,'2023-11-15','200','1'),(1549,32,'2023-11-16','200','1'),(1550,32,'2023-11-17','200','1'),(1551,32,'2023-11-18','200','1'),(1552,32,'2023-11-19','200','1'),(1553,32,'2023-11-20','200','1'),(1554,32,'2023-11-21','200','1'),(1555,32,'2023-11-22','200','1'),(1556,32,'2023-11-23','200','1'),(1557,32,'2023-11-24','200','1'),(1558,32,'2023-11-25','200','1'),(1559,32,'2023-11-26','200','1'),(1560,32,'2023-11-27','200','1'),(1561,32,'2023-11-28','200','1'),(1562,32,'2023-11-29','200','1'),(1563,32,'2023-11-30','200','1'),(1564,32,'2023-12-01','200','1'),(1565,32,'2023-12-02',NULL,NULL),(1566,32,'2023-12-03',NULL,NULL),(1567,32,'2023-12-04',NULL,NULL),(1568,32,'2023-12-05',NULL,NULL),(1569,33,'2023-11-11','400','1'),(1570,33,'2023-11-12','400','1'),(1571,33,'2023-11-13','400','1'),(1572,33,'2023-11-14','400','1'),(1573,33,'2023-11-15',NULL,NULL),(1574,33,'2023-11-16','400','1'),(1575,33,'2023-11-17','400','1'),(1576,33,'2023-11-18',NULL,NULL),(1577,33,'2023-11-19',NULL,NULL),(1578,33,'2023-11-20',NULL,NULL),(1579,33,'2023-11-21','400','1'),(1580,33,'2023-11-22','400','1'),(1581,33,'2023-11-23','400','1'),(1582,33,'2023-11-24',NULL,NULL),(1583,33,'2023-11-25','400','1'),(1584,33,'2023-11-26',NULL,NULL),(1585,33,'2023-11-27','400','1'),(1586,33,'2023-11-28','400','1'),(1587,33,'2023-11-29','400','1'),(1588,33,'2023-11-30','400','1'),(1589,33,'2023-12-01','400','1'),(1590,33,'2023-12-02',NULL,NULL),(1591,33,'2023-12-03',NULL,NULL),(1592,33,'2023-12-04',NULL,NULL),(1593,33,'2023-12-05',NULL,NULL),(1594,33,'2023-12-06',NULL,NULL),(1595,34,'2023-11-11','350','1'),(1596,34,'2023-11-12','350','1'),(1597,34,'2023-11-13','350','1'),(1598,34,'2023-11-14','350','1'),(1599,34,'2023-11-15','350','1'),(1600,34,'2023-11-16','350','1'),(1601,34,'2023-11-17','350','1'),(1602,34,'2023-11-18','350','1'),(1603,34,'2023-11-19','350','1'),(1604,34,'2023-11-20','350','1'),(1605,34,'2023-11-21','350','1'),(1606,34,'2023-11-22','350','1'),(1607,34,'2023-11-23','350','1'),(1608,34,'2023-11-24','350','1'),(1609,34,'2023-11-25','350','1'),(1610,34,'2023-11-26','350','1'),(1611,34,'2023-11-27','350','1'),(1612,34,'2023-11-28','350','1'),(1613,34,'2023-11-29','350','1'),(1614,34,'2023-11-30','350','1'),(1615,34,'2023-12-01','350','1'),(1616,34,'2023-12-02',NULL,NULL),(1617,34,'2023-12-03',NULL,NULL),(1618,34,'2023-12-04',NULL,NULL),(1619,34,'2023-12-05',NULL,NULL),(1620,34,'2023-12-06',NULL,NULL),(1699,35,'2023-11-12','150','1'),(1700,35,'2023-11-13','150','1'),(1701,35,'2023-11-14','150','1'),(1702,35,'2023-11-15','150','1'),(1703,35,'2023-11-16','150','1'),(1704,35,'2023-11-17','150','1'),(1705,35,'2023-11-18','150','1'),(1706,35,'2023-11-19','150','1'),(1707,35,'2023-11-20','150','1'),(1708,35,'2023-11-21','150','1'),(1709,35,'2023-11-22','150','1'),(1710,35,'2023-11-23',NULL,NULL),(1711,35,'2023-11-24',NULL,NULL),(1712,35,'2023-11-25',NULL,NULL),(1713,35,'2023-11-26','150','1'),(1714,35,'2023-11-27','150','1'),(1715,35,'2023-11-28','150','1'),(1716,35,'2023-11-29','150','1'),(1717,35,'2023-11-30','150','1'),(1718,35,'2023-12-01',NULL,NULL),(1719,35,'2023-12-02',NULL,NULL),(1720,35,'2023-12-03',NULL,NULL),(1721,35,'2023-12-04',NULL,NULL),(1722,35,'2023-12-05',NULL,NULL),(1723,35,'2023-12-06',NULL,NULL),(1724,35,'2023-12-07',NULL,NULL),(1725,36,'2023-11-13','400','1'),(1726,36,'2023-11-14','400','1'),(1727,36,'2023-11-15','400','1'),(1728,36,'2023-11-16','400','1'),(1729,36,'2023-11-17','400','1'),(1730,36,'2023-11-18','400','1'),(1731,36,'2023-11-19','400','1'),(1732,36,'2023-11-20','400','1'),(1733,36,'2023-11-21','400','1'),(1734,36,'2023-11-22','400','1'),(1735,36,'2023-11-23','400','1'),(1736,36,'2023-11-24','400','1'),(1737,36,'2023-11-25','400','1'),(1738,36,'2023-11-26','400','1'),(1739,36,'2023-11-27','400','1'),(1740,36,'2023-11-28','400','1'),(1741,36,'2023-11-29',NULL,NULL),(1742,36,'2023-11-30','400','1'),(1743,36,'2023-12-01','400','1'),(1744,36,'2023-12-02',NULL,NULL),(1745,36,'2023-12-03',NULL,NULL),(1746,36,'2023-12-04',NULL,NULL),(1747,36,'2023-12-05',NULL,NULL),(1748,36,'2023-12-06',NULL,NULL),(1749,36,'2023-12-07',NULL,NULL),(1750,36,'2023-12-08',NULL,NULL),(1751,1,'2023-10-21','250','1'),(1752,1,'2023-10-22','250','1'),(1753,1,'2023-10-23','250','1'),(1754,1,'2023-10-24','250','1'),(1755,1,'2023-10-25','250','1'),(1756,1,'2023-10-26','250','1'),(1757,1,'2023-10-27','250','1'),(1758,1,'2023-10-28','250','1'),(1759,1,'2023-10-29','250','1'),(1760,1,'2023-10-30','250','1'),(1761,1,'2023-10-31','300','1'),(1762,1,'2023-11-01','300','1'),(1763,1,'2023-11-02','300','1'),(1764,1,'2023-11-03',NULL,NULL),(1765,1,'2023-11-04','600','1'),(1766,1,'2023-11-05',NULL,NULL),(1767,1,'2023-11-06','300','1'),(1768,1,'2023-11-07','300','1'),(1769,1,'2023-11-08','300','1'),(1770,1,'2023-11-09','300','1'),(1771,1,'2023-11-10','300','1'),(1772,1,'2023-11-11','300','1'),(1773,1,'2023-11-12',NULL,NULL),(1774,1,'2023-11-13','300','1'),(1775,1,'2023-11-14','300','1'),(1776,1,'2023-11-15','100','1'),(1777,37,'2023-11-14','500','1'),(1778,37,'2023-11-15','500','1'),(1779,37,'2023-11-16','500','1'),(1780,37,'2023-11-17','500','1'),(1781,37,'2023-11-18','500','1'),(1782,37,'2023-11-19','500','1'),(1783,37,'2023-11-20','500','1'),(1784,37,'2023-11-21','500','1'),(1785,37,'2023-11-22','500','1'),(1786,37,'2023-11-23','500','1'),(1787,37,'2023-11-24','500','1'),(1788,37,'2023-11-25','500','1'),(1789,37,'2023-11-26','500','1'),(1790,37,'2023-11-27','500','1'),(1791,37,'2023-11-28','500','1'),(1792,37,'2023-11-29','500','1'),(1793,37,'2023-11-30','500','1'),(1794,37,'2023-12-01','500','1'),(1795,37,'2023-12-02',NULL,NULL),(1796,37,'2023-12-03',NULL,NULL),(1797,37,'2023-12-04',NULL,NULL),(1798,37,'2023-12-05',NULL,NULL),(1799,37,'2023-12-06',NULL,NULL),(1800,37,'2023-12-07',NULL,NULL),(1801,37,'2023-12-08',NULL,NULL),(1802,37,'2023-12-09',NULL,NULL),(1803,38,'2023-11-14','750','1'),(1804,38,'2023-11-15','750','1'),(1805,38,'2023-11-16','750','1'),(1806,38,'2023-11-17','750','1'),(1807,38,'2023-11-18','750','1'),(1808,38,'2023-11-19',NULL,NULL),(1809,38,'2023-11-20','750','1'),(1810,38,'2023-11-21','750','1'),(1811,38,'2023-11-22','750','1'),(1812,38,'2023-11-23','750','1'),(1813,38,'2023-11-24','750','1'),(1814,38,'2023-11-25',NULL,NULL),(1815,38,'2023-11-26','750','1'),(1816,38,'2023-11-27','750','1'),(1817,38,'2023-11-28','750','1'),(1818,38,'2023-11-29','750','1'),(1819,38,'2023-11-30','750','1'),(1820,38,'2023-12-01','750','1'),(1821,38,'2023-12-02',NULL,NULL),(1822,38,'2023-12-03',NULL,NULL),(1823,38,'2023-12-04',NULL,NULL),(1824,38,'2023-12-05',NULL,NULL),(1825,38,'2023-12-06',NULL,NULL),(1826,38,'2023-12-07',NULL,NULL),(1827,38,'2023-12-08',NULL,NULL),(1828,38,'2023-12-09',NULL,NULL),(1829,39,'2023-11-14','300','1'),(1830,39,'2023-11-15','300','1'),(1831,39,'2023-11-16','300','1'),(1832,39,'2023-11-17','300','1'),(1833,39,'2023-11-18','300','1'),(1834,39,'2023-11-19','300','1'),(1835,39,'2023-11-20','300','1'),(1836,39,'2023-11-21','300','1'),(1837,39,'2023-11-22','300','1'),(1838,39,'2023-11-23','300','1'),(1839,39,'2023-11-24','300','1'),(1840,39,'2023-11-25','300','1'),(1841,39,'2023-11-26','300','1'),(1842,39,'2023-11-27','300','1'),(1843,39,'2023-11-28','300','1'),(1844,39,'2023-11-29','300','1'),(1845,39,'2023-11-30','300','1'),(1846,39,'2023-12-01','300','1'),(1847,39,'2023-12-02',NULL,NULL),(1848,39,'2023-12-03',NULL,NULL),(1849,39,'2023-12-04',NULL,NULL),(1850,39,'2023-12-05',NULL,NULL),(1851,39,'2023-12-06',NULL,NULL),(1852,39,'2023-12-07',NULL,NULL),(1853,39,'2023-12-08',NULL,NULL),(1854,39,'2023-12-09',NULL,NULL),(1933,40,'2023-11-14','150','1'),(1934,40,'2023-11-15','150','1'),(1935,40,'2023-11-16','150','1'),(1936,40,'2023-11-17','150','1'),(1937,40,'2023-11-18',NULL,NULL),(1938,40,'2023-11-19',NULL,NULL),(1939,40,'2023-11-20','150','1'),(1940,40,'2023-11-21','150','1'),(1941,40,'2023-11-22','150','1'),(1942,40,'2023-11-23','150','1'),(1943,40,'2023-11-24',NULL,NULL),(1944,40,'2023-11-25',NULL,NULL),(1945,40,'2023-11-26','150','1'),(1946,40,'2023-11-27','150','1'),(1947,40,'2023-11-28','150','1'),(1948,40,'2023-11-29','150','1'),(1949,40,'2023-11-30','150','1'),(1950,40,'2023-12-01','150','1'),(1951,40,'2023-12-02',NULL,NULL),(1952,40,'2023-12-03',NULL,NULL),(1953,40,'2023-12-04',NULL,NULL),(1954,40,'2023-12-05',NULL,NULL),(1955,40,'2023-12-06',NULL,NULL),(1956,40,'2023-12-07',NULL,NULL),(1957,40,'2023-12-08',NULL,NULL),(1958,40,'2023-12-09',NULL,NULL),(2037,42,'2023-11-15','600','1'),(2038,42,'2023-11-16','600','1'),(2039,42,'2023-11-17','600','1'),(2040,42,'2023-11-18','600','1'),(2041,42,'2023-11-19','600','1'),(2042,42,'2023-11-20','600','1'),(2043,42,'2023-11-21','600','1'),(2044,42,'2023-11-22','600','1'),(2045,42,'2023-11-23','600','1'),(2046,42,'2023-11-24',NULL,NULL),(2047,42,'2023-11-25','600','1'),(2048,42,'2023-11-26',NULL,NULL),(2049,42,'2023-11-27','600','1'),(2050,42,'2023-11-28','600','1'),(2051,42,'2023-11-29','600','1'),(2052,42,'2023-11-30',NULL,NULL),(2053,42,'2023-12-01','600','1'),(2054,42,'2023-12-02',NULL,NULL),(2055,42,'2023-12-03',NULL,NULL),(2056,42,'2023-12-04',NULL,NULL),(2057,42,'2023-12-05',NULL,NULL),(2058,42,'2023-12-06',NULL,NULL),(2059,42,'2023-12-07',NULL,NULL),(2060,42,'2023-12-08',NULL,NULL),(2061,42,'2023-12-09',NULL,NULL),(2062,42,'2023-12-10',NULL,NULL),(2063,41,'2023-11-15','350','1'),(2064,41,'2023-11-16','350','1'),(2065,41,'2023-11-17','350','1'),(2066,41,'2023-11-18','350','1'),(2067,41,'2023-11-19','350','1'),(2068,41,'2023-11-20','350','1'),(2069,41,'2023-11-21','350','1'),(2070,41,'2023-11-22','350','1'),(2071,41,'2023-11-23','350','1'),(2072,41,'2023-11-24','350','1'),(2073,41,'2023-11-25','350','1'),(2074,41,'2023-11-26','350','1'),(2075,41,'2023-11-27','350','1'),(2076,41,'2023-11-28',NULL,NULL),(2077,41,'2023-11-29','350','1'),(2078,41,'2023-11-30','350','1'),(2079,41,'2023-12-01','350','1'),(2080,41,'2023-12-02',NULL,NULL),(2081,41,'2023-12-03',NULL,NULL),(2082,41,'2023-12-04',NULL,NULL),(2083,41,'2023-12-05',NULL,NULL),(2084,41,'2023-12-06',NULL,NULL),(2085,41,'2023-12-07',NULL,NULL),(2086,41,'2023-12-08',NULL,NULL),(2087,41,'2023-12-09',NULL,NULL),(2088,41,'2023-12-10',NULL,NULL),(2089,4,'2023-10-23','450','1'),(2090,4,'2023-10-24','450','1'),(2091,4,'2023-10-25','450','1'),(2092,4,'2023-10-26','450','1'),(2093,4,'2023-10-27','450','1'),(2094,4,'2023-10-28','450','1'),(2095,4,'2023-10-29','450','1'),(2096,4,'2023-10-30','450','1'),(2097,4,'2023-10-31','450','1'),(2098,4,'2023-11-01','450','1'),(2099,4,'2023-11-02','450','1'),(2100,4,'2023-11-03','250','1'),(2101,4,'2023-11-04',NULL,NULL),(2102,4,'2023-11-05','450','1'),(2103,4,'2023-11-06','450','1'),(2104,4,'2023-11-07','450','1'),(2105,4,'2023-11-08','450','1'),(2106,4,'2023-11-09','450','1'),(2107,4,'2023-11-10',NULL,NULL),(2108,4,'2023-11-11',NULL,NULL),(2109,4,'2023-11-12','1100','1'),(2110,4,'2023-11-13','650','1'),(2111,4,'2023-11-14','450','1'),(2112,4,'2023-11-15','450','1'),(2113,4,'2023-11-16','450','1'),(2114,4,'2023-11-17','450','1'),(2141,44,'2023-11-18','300','1'),(2142,44,'2023-11-19','300','1'),(2143,44,'2023-11-20','300','1'),(2144,44,'2023-11-21','300','1'),(2145,44,'2023-11-22','300','1'),(2146,44,'2023-11-23','300','1'),(2147,44,'2023-11-24','300','1'),(2148,44,'2023-11-25',NULL,NULL),(2149,44,'2023-11-26',NULL,NULL),(2150,44,'2023-11-27','300','1'),(2151,44,'2023-11-28','300','1'),(2152,44,'2023-11-29','300','1'),(2153,44,'2023-11-30','300','1'),(2154,44,'2023-12-01',NULL,NULL),(2155,44,'2023-12-02',NULL,NULL),(2156,44,'2023-12-03',NULL,NULL),(2157,44,'2023-12-04',NULL,NULL),(2158,44,'2023-12-05',NULL,NULL),(2159,44,'2023-12-06',NULL,NULL),(2160,44,'2023-12-07',NULL,NULL),(2161,44,'2023-12-08',NULL,NULL),(2162,44,'2023-12-09',NULL,NULL),(2163,44,'2023-12-10',NULL,NULL),(2164,44,'2023-12-11',NULL,NULL),(2165,44,'2023-12-12',NULL,NULL),(2166,44,'2023-12-13',NULL,NULL),(2167,45,'2023-11-20','650','1'),(2168,45,'2023-11-21','650','1'),(2169,45,'2023-11-22','650','1'),(2170,45,'2023-11-23','650','1'),(2171,45,'2023-11-24','650','1'),(2172,45,'2023-11-25','650','1'),(2173,45,'2023-11-26',NULL,NULL),(2174,45,'2023-11-27',NULL,NULL),(2175,45,'2023-11-28',NULL,NULL),(2176,45,'2023-11-29',NULL,NULL),(2177,45,'2023-11-30',NULL,NULL),(2178,45,'2023-12-01',NULL,NULL),(2179,45,'2023-12-02',NULL,NULL),(2180,45,'2023-12-03',NULL,NULL),(2181,45,'2023-12-04',NULL,NULL),(2182,45,'2023-12-05',NULL,NULL),(2183,45,'2023-12-06',NULL,NULL),(2184,45,'2023-12-07',NULL,NULL),(2185,45,'2023-12-08',NULL,NULL),(2186,45,'2023-12-09',NULL,NULL),(2187,45,'2023-12-10',NULL,NULL),(2188,45,'2023-12-11',NULL,NULL),(2189,45,'2023-12-12',NULL,NULL),(2190,45,'2023-12-13',NULL,NULL),(2191,45,'2023-12-14',NULL,NULL),(2192,45,'2023-12-15',NULL,NULL),(2193,46,'2023-11-20','250','1'),(2194,46,'2023-11-21','250','1'),(2195,46,'2023-11-22','250','1'),(2196,46,'2023-11-23','250','1'),(2197,46,'2023-11-24','250','1'),(2198,46,'2023-11-25','250','1'),(2199,46,'2023-11-26','250','1'),(2200,46,'2023-11-27','250','1'),(2201,46,'2023-11-28','250','1'),(2202,46,'2023-11-29','250','1'),(2203,46,'2023-11-30','250','1'),(2204,46,'2023-12-01','250','1'),(2205,46,'2023-12-02',NULL,NULL),(2206,46,'2023-12-03',NULL,NULL),(2207,46,'2023-12-04',NULL,NULL),(2208,46,'2023-12-05',NULL,NULL),(2209,46,'2023-12-06',NULL,NULL),(2210,46,'2023-12-07',NULL,NULL),(2211,46,'2023-12-08',NULL,NULL),(2212,46,'2023-12-09',NULL,NULL),(2213,46,'2023-12-10',NULL,NULL),(2214,46,'2023-12-11',NULL,NULL),(2215,46,'2023-12-12',NULL,NULL),(2216,46,'2023-12-13',NULL,NULL),(2217,46,'2023-12-14',NULL,NULL),(2218,46,'2023-12-15',NULL,NULL),(2219,47,'2023-11-21','250','1'),(2220,47,'2023-11-22','250','1'),(2221,47,'2023-11-23','250','1'),(2222,47,'2023-11-24',NULL,NULL),(2223,47,'2023-11-25','250','1'),(2224,47,'2023-11-26','250','1'),(2225,47,'2023-11-27','250','1'),(2226,47,'2023-11-28','250','1'),(2227,47,'2023-11-29','250','1'),(2228,47,'2023-11-30','250','1'),(2229,47,'2023-12-01','250','1'),(2230,47,'2023-12-02',NULL,NULL),(2231,47,'2023-12-03',NULL,NULL),(2232,47,'2023-12-04',NULL,NULL),(2233,47,'2023-12-05',NULL,NULL),(2234,47,'2023-12-06',NULL,NULL),(2235,47,'2023-12-07',NULL,NULL),(2236,47,'2023-12-08',NULL,NULL),(2237,47,'2023-12-09',NULL,NULL),(2238,47,'2023-12-10',NULL,NULL),(2239,47,'2023-12-11',NULL,NULL),(2240,47,'2023-12-12',NULL,NULL),(2241,47,'2023-12-13',NULL,NULL),(2242,47,'2023-12-14',NULL,NULL),(2243,47,'2023-12-15',NULL,NULL),(2244,47,'2023-12-16',NULL,NULL),(2271,43,'2023-11-17','250','1'),(2272,43,'2023-11-18','250','1'),(2273,43,'2023-11-19','250','1'),(2274,43,'2023-11-20','250','1'),(2275,43,'2023-11-21','250','1'),(2276,43,'2023-11-22','250','1'),(2277,43,'2023-11-23','250','1'),(2278,43,'2023-11-24','250','1'),(2279,43,'2023-11-25','250','1'),(2280,43,'2023-11-26','250','1'),(2281,43,'2023-11-27','250','1'),(2282,43,'2023-11-28','250','1'),(2283,43,'2023-11-29','250','1'),(2284,43,'2023-11-30','250','1'),(2285,43,'2023-12-01','250','1'),(2286,43,'2023-12-02',NULL,NULL),(2287,43,'2023-12-03',NULL,NULL),(2288,43,'2023-12-04',NULL,NULL),(2289,43,'2023-12-05',NULL,NULL),(2290,43,'2023-12-06',NULL,NULL),(2291,43,'2023-12-07',NULL,NULL),(2292,43,'2023-12-08',NULL,NULL),(2293,43,'2023-12-09',NULL,NULL),(2294,43,'2023-12-10',NULL,NULL),(2295,43,'2023-12-11',NULL,NULL),(2296,43,'2023-12-12',NULL,NULL),(2297,48,'2023-11-21','250','1'),(2298,48,'2023-11-22','250','1'),(2299,48,'2023-11-23','250','1'),(2300,48,'2023-11-24','250','1'),(2301,48,'2023-11-25',NULL,NULL),(2302,48,'2023-11-26','250','1'),(2303,48,'2023-11-27','250','1'),(2304,48,'2023-11-28','250','1'),(2305,48,'2023-11-29','250','1'),(2306,48,'2023-11-30','250','1'),(2307,48,'2023-12-01','250','1'),(2308,48,'2023-12-02',NULL,NULL),(2309,48,'2023-12-03',NULL,NULL),(2310,48,'2023-12-04',NULL,NULL),(2311,48,'2023-12-05',NULL,NULL),(2312,48,'2023-12-06',NULL,NULL),(2313,48,'2023-12-07',NULL,NULL),(2314,48,'2023-12-08',NULL,NULL),(2315,48,'2023-12-09',NULL,NULL),(2316,48,'2023-12-10',NULL,NULL),(2317,48,'2023-12-11',NULL,NULL),(2318,48,'2023-12-12',NULL,NULL),(2319,48,'2023-12-13',NULL,NULL),(2320,48,'2023-12-14',NULL,NULL),(2321,48,'2023-12-15',NULL,NULL),(2322,48,'2023-12-16',NULL,NULL),(2323,49,'2023-11-21','200','1'),(2324,49,'2023-11-22','200','1'),(2325,49,'2023-11-23','200','1'),(2326,49,'2023-11-24','200','1'),(2327,49,'2023-11-25','200','1'),(2328,49,'2023-11-26','200','1'),(2329,49,'2023-11-27','200','1'),(2330,49,'2023-11-28','200','1'),(2331,49,'2023-11-29','200','1'),(2332,49,'2023-11-30','200','1'),(2333,49,'2023-12-01','200','1'),(2334,49,'2023-12-02',NULL,NULL),(2335,49,'2023-12-03',NULL,NULL),(2336,49,'2023-12-04',NULL,NULL),(2337,49,'2023-12-05',NULL,NULL),(2338,49,'2023-12-06',NULL,NULL),(2339,49,'2023-12-07',NULL,NULL),(2340,49,'2023-12-08',NULL,NULL),(2341,49,'2023-12-09',NULL,NULL),(2342,49,'2023-12-10',NULL,NULL),(2343,49,'2023-12-11',NULL,NULL),(2344,49,'2023-12-12',NULL,NULL),(2345,49,'2023-12-13',NULL,NULL),(2346,49,'2023-12-14',NULL,NULL),(2347,49,'2023-12-15',NULL,NULL),(2348,49,'2023-12-16',NULL,NULL),(2349,5,'2023-10-24','250','1'),(2350,5,'2023-10-25','250','1'),(2351,5,'2023-10-26','250','1'),(2352,5,'2023-10-27','250','1'),(2353,5,'2023-10-28','250','1'),(2354,5,'2023-10-29','250','1'),(2355,5,'2023-10-30','250','1'),(2356,5,'2023-10-31','250','1'),(2357,5,'2023-11-01','250','1'),(2358,5,'2023-11-02','300','1'),(2359,5,'2023-11-03','250','1'),(2360,5,'2023-11-04',NULL,NULL),(2361,5,'2023-11-05',NULL,NULL),(2362,5,'2023-11-06',NULL,NULL),(2363,5,'2023-11-07','500','1'),(2364,5,'2023-11-08','300','1'),(2365,5,'2023-11-09','300','1'),(2366,5,'2023-11-10','300','1'),(2367,5,'2023-11-11','300','1'),(2368,5,'2023-11-12',NULL,NULL),(2369,5,'2023-11-13','500','1'),(2370,5,'2023-11-14','250','1'),(2371,5,'2023-11-15','250','1'),(2372,5,'2023-11-16','250','1'),(2373,5,'2023-11-17','250','1'),(2374,5,'2023-11-18',NULL,NULL),(2375,50,'2023-11-23','250','1'),(2376,50,'2023-11-24',NULL,NULL),(2377,50,'2023-11-25','250','1'),(2378,50,'2023-11-26','250','1'),(2379,50,'2023-11-27','250','1'),(2380,50,'2023-11-28','250','1'),(2381,50,'2023-11-29','250','1'),(2382,50,'2023-11-30','250','1'),(2383,50,'2023-12-01',NULL,NULL),(2384,50,'2023-12-02',NULL,NULL),(2385,50,'2023-12-03',NULL,NULL),(2386,50,'2023-12-04',NULL,NULL),(2387,50,'2023-12-05',NULL,NULL),(2388,50,'2023-12-06',NULL,NULL),(2389,50,'2023-12-07',NULL,NULL),(2390,50,'2023-12-08',NULL,NULL),(2391,50,'2023-12-09',NULL,NULL),(2392,50,'2023-12-10',NULL,NULL),(2393,50,'2023-12-11',NULL,NULL),(2394,50,'2023-12-12',NULL,NULL),(2395,50,'2023-12-13',NULL,NULL),(2396,50,'2023-12-14',NULL,NULL),(2397,50,'2023-12-15',NULL,NULL),(2398,50,'2023-12-16',NULL,NULL),(2399,50,'2023-12-17',NULL,NULL),(2400,50,'2023-12-18',NULL,NULL),(2401,51,'2023-11-24','250','1'),(2402,51,'2023-11-25','250','1'),(2403,51,'2023-11-26','250','1'),(2404,51,'2023-11-27','250','1'),(2405,51,'2023-11-28','250','1'),(2406,51,'2023-11-29',NULL,NULL),(2407,51,'2023-11-30',NULL,NULL),(2408,51,'2023-12-01',NULL,NULL),(2409,51,'2023-12-02',NULL,NULL),(2410,51,'2023-12-03',NULL,NULL),(2411,51,'2023-12-04',NULL,NULL),(2412,51,'2023-12-05',NULL,NULL),(2413,51,'2023-12-06',NULL,NULL),(2414,51,'2023-12-07',NULL,NULL),(2415,51,'2023-12-08',NULL,NULL),(2416,51,'2023-12-09',NULL,NULL),(2417,51,'2023-12-10',NULL,NULL),(2418,51,'2023-12-11',NULL,NULL),(2419,51,'2023-12-12',NULL,NULL),(2420,51,'2023-12-13',NULL,NULL),(2421,51,'2023-12-14',NULL,NULL),(2422,51,'2023-12-15',NULL,NULL),(2423,51,'2023-12-16',NULL,NULL),(2424,51,'2023-12-17',NULL,NULL),(2425,51,'2023-12-18',NULL,NULL),(2426,51,'2023-12-19',NULL,NULL),(2427,52,'2023-11-26','150','1'),(2428,52,'2023-11-27','150','1'),(2429,52,'2023-11-28',NULL,NULL),(2430,52,'2023-11-29','150','1'),(2431,52,'2023-11-30','150','1'),(2432,52,'2023-12-01','150','1'),(2433,52,'2023-12-02',NULL,NULL),(2434,52,'2023-12-03',NULL,NULL),(2435,52,'2023-12-04',NULL,NULL),(2436,52,'2023-12-05',NULL,NULL),(2437,52,'2023-12-06',NULL,NULL),(2438,52,'2023-12-07',NULL,NULL),(2439,52,'2023-12-08',NULL,NULL),(2440,52,'2023-12-09',NULL,NULL),(2441,52,'2023-12-10',NULL,NULL),(2442,52,'2023-12-11',NULL,NULL),(2443,52,'2023-12-12',NULL,NULL),(2444,52,'2023-12-13',NULL,NULL),(2445,52,'2023-12-14',NULL,NULL),(2446,52,'2023-12-15',NULL,NULL),(2447,52,'2023-12-16',NULL,NULL),(2448,52,'2023-12-17',NULL,NULL),(2449,52,'2023-12-18',NULL,NULL),(2450,52,'2023-12-19',NULL,NULL),(2451,52,'2023-12-20',NULL,NULL),(2452,52,'2023-12-21',NULL,NULL),(2453,53,'2023-11-27','500','1'),(2454,53,'2023-11-28','500','1'),(2455,53,'2023-11-29','500','1'),(2456,53,'2023-11-30','500','1'),(2457,53,'2023-12-01','500','1'),(2458,53,'2023-12-02',NULL,NULL),(2459,53,'2023-12-03',NULL,NULL),(2460,53,'2023-12-04',NULL,NULL),(2461,53,'2023-12-05',NULL,NULL),(2462,53,'2023-12-06',NULL,NULL),(2463,53,'2023-12-07',NULL,NULL),(2464,53,'2023-12-08',NULL,NULL),(2465,53,'2023-12-09',NULL,NULL),(2466,53,'2023-12-10',NULL,NULL),(2467,53,'2023-12-11',NULL,NULL),(2468,53,'2023-12-12',NULL,NULL),(2469,53,'2023-12-13',NULL,NULL),(2470,53,'2023-12-14',NULL,NULL),(2471,53,'2023-12-15',NULL,NULL),(2472,53,'2023-12-16',NULL,NULL),(2473,53,'2023-12-17',NULL,NULL),(2474,53,'2023-12-18',NULL,NULL),(2475,53,'2023-12-19',NULL,NULL),(2476,53,'2023-12-20',NULL,NULL),(2477,53,'2023-12-21',NULL,NULL),(2478,53,'2023-12-22',NULL,NULL),(2479,54,'2023-11-27','200','1'),(2480,54,'2023-11-28','200','1'),(2481,54,'2023-11-29','200','1'),(2482,54,'2023-11-30','200','1'),(2483,54,'2023-12-01','200','1'),(2484,54,'2023-12-02',NULL,NULL),(2485,54,'2023-12-03',NULL,NULL),(2486,54,'2023-12-04',NULL,NULL),(2487,54,'2023-12-05',NULL,NULL),(2488,54,'2023-12-06',NULL,NULL),(2489,54,'2023-12-07',NULL,NULL),(2490,54,'2023-12-08',NULL,NULL),(2491,54,'2023-12-09',NULL,NULL),(2492,54,'2023-12-10',NULL,NULL),(2493,54,'2023-12-11',NULL,NULL),(2494,54,'2023-12-12',NULL,NULL),(2495,54,'2023-12-13',NULL,NULL),(2496,54,'2023-12-14',NULL,NULL),(2497,54,'2023-12-15',NULL,NULL),(2498,54,'2023-12-16',NULL,NULL),(2499,54,'2023-12-17',NULL,NULL),(2500,54,'2023-12-18',NULL,NULL),(2501,54,'2023-12-19',NULL,NULL),(2502,54,'2023-12-20',NULL,NULL),(2503,54,'2023-12-21',NULL,NULL),(2504,54,'2023-12-22',NULL,NULL),(2505,56,'2023-11-27','300','1'),(2506,56,'2023-11-28','300','1'),(2507,56,'2023-11-29','300','1'),(2508,56,'2023-11-30','300','1'),(2509,56,'2023-12-01','300','1'),(2510,56,'2023-12-02',NULL,NULL),(2511,56,'2023-12-03',NULL,NULL),(2512,56,'2023-12-04',NULL,NULL),(2513,56,'2023-12-05',NULL,NULL),(2514,56,'2023-12-06',NULL,NULL),(2515,56,'2023-12-07',NULL,NULL),(2516,56,'2023-12-08',NULL,NULL),(2517,56,'2023-12-09',NULL,NULL),(2518,56,'2023-12-10',NULL,NULL),(2519,56,'2023-12-11',NULL,NULL),(2520,56,'2023-12-12',NULL,NULL),(2521,56,'2023-12-13',NULL,NULL),(2522,56,'2023-12-14',NULL,NULL),(2523,56,'2023-12-15',NULL,NULL),(2524,56,'2023-12-16',NULL,NULL),(2525,56,'2023-12-17',NULL,NULL),(2526,56,'2023-12-18',NULL,NULL),(2527,56,'2023-12-19',NULL,NULL),(2528,56,'2023-12-20',NULL,NULL),(2529,56,'2023-12-21',NULL,NULL),(2530,56,'2023-12-22',NULL,NULL),(2531,55,'2023-11-29','250','1'),(2532,55,'2023-11-30','250','1'),(2533,55,'2023-12-01','250','1'),(2534,55,'2023-12-02',NULL,NULL),(2535,55,'2023-12-03',NULL,NULL),(2536,55,'2023-12-04',NULL,NULL),(2537,55,'2023-12-05',NULL,NULL),(2538,55,'2023-12-06',NULL,NULL),(2539,55,'2023-12-07',NULL,NULL),(2540,55,'2023-12-08',NULL,NULL),(2541,55,'2023-12-09',NULL,NULL),(2542,55,'2023-12-10',NULL,NULL),(2543,55,'2023-12-11',NULL,NULL),(2544,55,'2023-12-12',NULL,NULL),(2545,55,'2023-12-13',NULL,NULL),(2546,55,'2023-12-14',NULL,NULL),(2547,55,'2023-12-15',NULL,NULL),(2548,55,'2023-12-16',NULL,NULL),(2549,55,'2023-12-17',NULL,NULL),(2550,55,'2023-12-18',NULL,NULL),(2551,55,'2023-12-19',NULL,NULL),(2552,55,'2023-12-20',NULL,NULL),(2553,55,'2023-12-21',NULL,NULL),(2554,55,'2023-12-22',NULL,NULL),(2555,55,'2023-12-23',NULL,NULL),(2556,55,'2023-12-24',NULL,NULL),(2557,57,'2023-11-29','1000','1'),(2558,57,'2023-11-30','1000','1'),(2559,57,'2023-12-01','1000','1'),(2560,57,'2023-12-02',NULL,NULL),(2561,57,'2023-12-03',NULL,NULL),(2562,57,'2023-12-04',NULL,NULL),(2563,57,'2023-12-05',NULL,NULL),(2564,57,'2023-12-06',NULL,NULL),(2565,57,'2023-12-07',NULL,NULL),(2566,57,'2023-12-08',NULL,NULL),(2567,57,'2023-12-09',NULL,NULL),(2568,57,'2023-12-10',NULL,NULL),(2569,57,'2023-12-11',NULL,NULL),(2570,57,'2023-12-12',NULL,NULL),(2571,57,'2023-12-13',NULL,NULL),(2572,57,'2023-12-14',NULL,NULL),(2573,57,'2023-12-15',NULL,NULL),(2574,57,'2023-12-16',NULL,NULL),(2575,57,'2023-12-17',NULL,NULL),(2576,57,'2023-12-18',NULL,NULL),(2577,57,'2023-12-19',NULL,NULL),(2578,57,'2023-12-20',NULL,NULL),(2579,57,'2023-12-21',NULL,NULL),(2580,57,'2023-12-22',NULL,NULL),(2581,57,'2023-12-23',NULL,NULL),(2582,57,'2023-12-24',NULL,NULL),(2583,58,'2023-11-30','500','1'),(2584,58,'2023-12-01','500','1'),(2585,58,'2023-12-02',NULL,NULL),(2586,58,'2023-12-03',NULL,NULL),(2587,58,'2023-12-04',NULL,NULL),(2588,58,'2023-12-05',NULL,NULL),(2589,58,'2023-12-06',NULL,NULL),(2590,58,'2023-12-07',NULL,NULL),(2591,58,'2023-12-08',NULL,NULL),(2592,58,'2023-12-09',NULL,NULL),(2593,58,'2023-12-10',NULL,NULL),(2594,58,'2023-12-11',NULL,NULL),(2595,58,'2023-12-12',NULL,NULL),(2596,58,'2023-12-13',NULL,NULL),(2597,58,'2023-12-14',NULL,NULL),(2598,58,'2023-12-15',NULL,NULL),(2599,58,'2023-12-16',NULL,NULL),(2600,58,'2023-12-17',NULL,NULL),(2601,58,'2023-12-18',NULL,NULL),(2602,58,'2023-12-19',NULL,NULL),(2603,58,'2023-12-20',NULL,NULL),(2604,58,'2023-12-21',NULL,NULL),(2605,58,'2023-12-22',NULL,NULL),(2606,58,'2023-12-23',NULL,NULL),(2607,58,'2023-12-24',NULL,NULL),(2608,58,'2023-12-25',NULL,NULL),(2609,59,'2023-11-30','250','1'),(2610,59,'2023-12-01','250','1'),(2611,59,'2023-12-02',NULL,NULL),(2612,59,'2023-12-03',NULL,NULL),(2613,59,'2023-12-04',NULL,NULL),(2614,59,'2023-12-05',NULL,NULL),(2615,59,'2023-12-06',NULL,NULL),(2616,59,'2023-12-07',NULL,NULL),(2617,59,'2023-12-08',NULL,NULL),(2618,59,'2023-12-09',NULL,NULL),(2619,59,'2023-12-10',NULL,NULL),(2620,59,'2023-12-11',NULL,NULL),(2621,59,'2023-12-12',NULL,NULL),(2622,59,'2023-12-13',NULL,NULL),(2623,59,'2023-12-14',NULL,NULL),(2624,59,'2023-12-15',NULL,NULL),(2625,59,'2023-12-16',NULL,NULL),(2626,59,'2023-12-17',NULL,NULL),(2627,59,'2023-12-18',NULL,NULL),(2628,59,'2023-12-19',NULL,NULL),(2629,59,'2023-12-20',NULL,NULL),(2630,59,'2023-12-21',NULL,NULL),(2631,59,'2023-12-22',NULL,NULL),(2632,59,'2023-12-23',NULL,NULL),(2633,59,'2023-12-24',NULL,NULL),(2634,59,'2023-12-25',NULL,NULL),(2635,60,'2023-12-01','300','1'),(2636,60,'2023-12-02',NULL,NULL),(2637,60,'2023-12-03',NULL,NULL),(2638,60,'2023-12-04',NULL,NULL),(2639,60,'2023-12-05',NULL,NULL),(2640,60,'2023-12-06',NULL,NULL),(2641,60,'2023-12-07',NULL,NULL),(2642,60,'2023-12-08',NULL,NULL),(2643,60,'2023-12-09',NULL,NULL),(2644,60,'2023-12-10',NULL,NULL),(2645,60,'2023-12-11',NULL,NULL),(2646,60,'2023-12-12',NULL,NULL),(2647,60,'2023-12-13',NULL,NULL),(2648,60,'2023-12-14',NULL,NULL),(2649,60,'2023-12-15',NULL,NULL),(2650,60,'2023-12-16',NULL,NULL),(2651,60,'2023-12-17',NULL,NULL),(2652,60,'2023-12-18',NULL,NULL),(2653,60,'2023-12-19',NULL,NULL),(2654,60,'2023-12-20',NULL,NULL),(2655,60,'2023-12-21',NULL,NULL),(2656,60,'2023-12-22',NULL,NULL),(2657,60,'2023-12-23',NULL,NULL),(2658,60,'2023-12-24',NULL,NULL),(2659,60,'2023-12-25',NULL,NULL),(2660,60,'2023-12-26',NULL,NULL);
/*!40000 ALTER TABLE `loan_schedule` ENABLE KEYS */;
UNLOCK TABLES;

--
-- Table structure for table `loan_test`
--

DROP TABLE IF EXISTS `loan_test`;
/*!40101 SET @saved_cs_client     = @@character_set_client */;
/*!50503 SET character_set_client = utf8mb4 */;
CREATE TABLE `loan_test` (
  `loan_id` int NOT NULL AUTO_INCREMENT,
  `ref_no` varchar(50) DEFAULT NULL,
  `ltype_id` int DEFAULT NULL,
  `borrower_id` int DEFAULT NULL,
  `purpose` text,
  `amount` double DEFAULT NULL,
  `lplan_id` int DEFAULT NULL,
  `status` tinyint(1) DEFAULT NULL COMMENT '0=request, 1=confirmed, 2=released, 3=completed, 4=denied',
  `date_released` datetime DEFAULT NULL,
  `date_created` datetime DEFAULT NULL,
  `loan_form` varchar(255) DEFAULT NULL,
  `paid_amount` varchar(255) DEFAULT NULL,
  `totalAmount` varchar(255) DEFAULT NULL,
  PRIMARY KEY (`loan_id`)
) ENGINE=InnoDB AUTO_INCREMENT=5 DEFAULT CHARSET=latin1;
/*!40101 SET character_set_client = @saved_cs_client */;

--
-- Dumping data for table `loan_test`
--

LOCK TABLES `loan_test` WRITE;
/*!40000 ALTER TABLE `loan_test` DISABLE KEYS */;
INSERT INTO `loan_test` VALUES (1,'49405424',1,7,'BUSINESS',5000,2,2,'2023-10-21 09:19:38','2023-10-21 09:17:53','/var/www/matrick/uploads/loan_form/7/2023-10-21/694217/','6750','6750'),(2,'59616020',1,8,'BUSINESS WORK',7000,2,2,'2023-10-23 02:18:30','2023-10-23 01:12:40','/var/www/matrick/uploads/loan_form/8/2023-10-23/415781/SCAN199.pdf','350','9450'),(4,'53567834',1,10,'HOUSE PURPOSE ',9000,2,2,'2023-10-23 07:50:13','2023-10-23 06:36:37','/var/www/matrick/uploads/loan_form/10/2023-10-23/583467/SCAN203.pdf','450','12150');
/*!40000 ALTER TABLE `loan_test` ENABLE KEYS */;
UNLOCK TABLES;

--
-- Table structure for table `loan_type`
--

DROP TABLE IF EXISTS `loan_type`;
/*!40101 SET @saved_cs_client     = @@character_set_client */;
/*!50503 SET character_set_client = utf8mb4 */;
CREATE TABLE `loan_type` (
  `ltype_id` int NOT NULL AUTO_INCREMENT,
  `ltype_name` text NOT NULL,
  `ltype_desc` text NOT NULL,
  PRIMARY KEY (`ltype_id`)
) ENGINE=InnoDB AUTO_INCREMENT=2 DEFAULT CHARSET=latin1;
/*!40101 SET character_set_client = @saved_cs_client */;

--
-- Dumping data for table `loan_type`
--

LOCK TABLES `loan_type` WRITE;
/*!40000 ALTER TABLE `loan_type` DISABLE KEYS */;
INSERT INTO `loan_type` VALUES (1,'Business Loan','Business Loan');
/*!40000 ALTER TABLE `loan_type` ENABLE KEYS */;
UNLOCK TABLES;

--
-- Table structure for table `payment`
--

DROP TABLE IF EXISTS `payment`;
/*!40101 SET @saved_cs_client     = @@character_set_client */;
/*!50503 SET character_set_client = utf8mb4 */;
CREATE TABLE `payment` (
  `payment_id` int NOT NULL AUTO_INCREMENT,
  `loan_id` int NOT NULL,
  `payee` text NOT NULL,
  `pay_amount` float NOT NULL,
  `penalty` float NOT NULL,
  `overdue` tinyint(1) NOT NULL COMMENT '0=no, 1=yes',
  `date_created` timestamp NOT NULL DEFAULT CURRENT_TIMESTAMP,
  PRIMARY KEY (`payment_id`)
) ENGINE=InnoDB AUTO_INCREMENT=778 DEFAULT CHARSET=latin1;
/*!40101 SET character_set_client = @saved_cs_client */;

--
-- Dumping data for table `payment`
--

LOCK TABLES `payment` WRITE;
/*!40000 ALTER TABLE `payment` DISABLE KEYS */;
INSERT INTO `payment` VALUES (1,1,'OMORI, JOSEPHINE O.',250,12.5,1,'2023-10-21 17:20:28'),(2,1,'OMORI, JOSEPHINE O.',250,12.5,1,'2023-10-22 20:30:37'),(3,2,'NGOLYA, EUNICE  M.',350,17.5,1,'2023-10-23 15:55:17'),(4,4,'SIKO, LINET  N.',450,22.5,1,'2023-10-23 15:57:33'),(5,1,'OMORI, JOSEPHINE O.',250,12.5,1,'2023-10-23 17:36:16'),(6,1,'OMORI, JOSEPHINE O.',250,12.5,1,'2023-10-24 17:50:04'),(7,5,'Kahara , Joyce W.',250,12.5,1,'2023-10-24 17:51:13'),(8,6,'Mutua, Scholastica  K.',200,0,0,'2023-10-24 18:36:21'),(9,2,'NGOLYA, EUNICE  M.',350,17.5,1,'2023-10-24 19:35:49'),(10,4,'SIKO, LINET  N.',450,22.5,1,'2023-10-24 20:09:14'),(11,2,'NGOLYA, EUNICE  M.',350,0,0,'2023-10-25 16:24:27'),(12,1,'OMORI, JOSEPHINE O.',250,0,0,'2023-10-25 17:43:03'),(13,4,'SIKO, LINET  N.',450,0,0,'2023-10-25 17:46:54'),(14,5,'Kahara , Joyce W.',250,0,0,'2023-10-25 17:47:30'),(15,6,'Mutua, Scholastica  K.',200,0,0,'2023-10-25 17:47:56'),(16,11,'Mainga, Parsgalia M.',100,0,0,'2023-10-26 15:07:07'),(17,12,'Muema , Nibrescah  M.',750,0,0,'2023-10-26 15:08:39'),(18,1,'OMORI, JOSEPHINE O.',250,0,0,'2023-10-26 17:48:13'),(19,2,'NGOLYA, EUNICE  M.',350,0,0,'2023-10-26 17:49:56'),(20,5,'Kahara , Joyce W.',250,0,0,'2023-10-26 17:51:21'),(21,6,'Mutua, Scholastica  K.',200,0,0,'2023-10-26 17:52:09'),(22,15,'Mokua, Ermarita K.',150,0,0,'2023-10-26 18:00:25'),(23,4,'SIKO, LINET  N.',450,22.5,1,'2023-10-26 21:08:00'),(24,1,'OMORI, JOSEPHINE O.',250,0,0,'2023-10-27 18:06:34'),(25,4,'SIKO, LINET  N.',450,0,0,'2023-10-26 00:00:00'),(26,5,'Kahara , Joyce W.',250,0,0,'2023-10-27 18:11:14'),(27,6,'Mutua, Scholastica  K.',200,0,0,'2023-10-27 18:12:27'),(28,15,'Mokua, Ermarita K.',150,0,0,'2023-10-27 18:16:08'),(29,11,'Mainga, Parsgalia M.',100,0,0,'2023-10-27 18:24:42'),(30,16,'Gachanja , Charles  G.',200,0,0,'2023-10-27 18:26:12'),(31,12,'Muema , Nibrescah  M.',750,0,0,'2023-10-27 19:44:38'),(32,4,'SIKO, LINET  N.',450,0,0,'2023-10-27 19:45:38'),(33,2,'NGOLYA, EUNICE  M.',350,0,0,'2023-10-27 19:48:51'),(34,4,'SIKO, LINET  N.',450,0,0,'2023-10-28 17:32:57'),(35,6,'Mutua, Scholastica  K.',200,0,0,'2023-10-28 17:36:20'),(36,15,'Mokua, Ermarita K.',150,0,0,'2023-10-28 17:38:04'),(37,16,'Gachanja , Charles  G.',200,0,0,'2023-10-28 17:39:41'),(38,17,'Waithera, Nancy N.',300,0,0,'2023-10-28 17:40:27'),(39,1,'OMORI, JOSEPHINE O.',250,0,0,'2023-10-28 00:00:00'),(40,2,'NGOLYA, EUNICE  M.',350,0,0,'2023-10-28 00:00:00'),(41,11,'Mainga, Parsgalia M.',100,0,0,'2023-10-28 00:00:00'),(42,12,'Muema , Nibrescah  M.',750,0,0,'2023-10-28 00:00:00'),(43,5,'Kahara , Joyce W.',250,0,0,'2023-10-28 00:00:00'),(44,1,'OMORI, JOSEPHINE O.',250,0,0,'2023-10-30 00:00:00'),(45,2,'NGOLYA, EUNICE  M.',350,0,0,'2023-10-29 00:00:00'),(46,4,'SIKO, LINET  N.',450,0,0,'2023-10-29 00:00:00'),(47,5,'Kahara , Joyce W.',250,0,0,'2023-10-29 00:00:00'),(48,6,'Mutua, Scholastica  K.',200,0,0,'2023-10-29 00:00:00'),(49,6,'Mutua, Scholastica  K.',200,0,0,'2023-10-30 00:00:00'),(50,11,'Mainga, Parsgalia M.',100,0,0,'2023-10-29 00:00:00'),(51,15,'Mokua, Ermarita K.',150,0,0,'2023-10-29 00:00:00'),(52,15,'Mokua, Ermarita K.',150,0,0,'2023-10-30 00:00:00'),(53,16,'Gachanja , Charles  G.',200,0,0,'2023-10-29 00:00:00'),(54,16,'Gachanja , Charles  G.',200,0,0,'2023-10-30 00:00:00'),(55,17,'Waithera, Nancy N.',300,0,0,'2023-10-29 00:00:00'),(56,17,'Waithera, Nancy N.',300,0,0,'2023-10-30 00:00:00'),(57,11,'Mainga, Parsgalia M.',100,0,0,'2023-10-30 00:00:00'),(58,2,'NGOLYA, EUNICE  M.',350,0,0,'2023-10-30 00:00:00'),(59,4,'SIKO, LINET  N.',450,0,0,'2023-10-30 00:00:00'),(60,12,'Muema , Nibrescah  M.',750,0,0,'2023-10-30 00:00:00'),(61,20,'OTIENO, ADDAH O.',400,0,0,'2023-10-31 16:29:11'),(62,1,'OMORI, JOSEPHINE O.',300,12.5,1,'2023-10-31 18:24:10'),(63,2,'NGOLYA, EUNICE  M.',350,0,0,'2023-10-31 00:00:00'),(64,4,'SIKO, LINET  N.',450,0,0,'2023-10-31 18:25:59'),(65,5,'Kahara , Joyce W.',250,0,0,'2023-10-31 00:00:00'),(66,6,'Mutua, Scholastica  K.',200,0,0,'2023-10-31 00:00:00'),(67,11,'Mainga, Parsgalia M.',100,0,0,'2023-10-31 18:29:36'),(68,12,'Muema , Nibrescah  M.',750,37.5,1,'2023-10-31 18:30:23'),(69,15,'Mokua, Ermarita K.',150,0,0,'2023-10-31 00:00:00'),(70,16,'Gachanja , Charles  G.',200,0,0,'2023-10-31 00:00:00'),(71,17,'Waithera, Nancy N.',300,0,0,'2023-10-31 00:00:00'),(72,19,'besunda, Bernard m.',350,0,0,'2023-10-30 00:00:00'),(73,19,'besunda, Bernard m.',350,0,0,'2023-10-31 00:00:00'),(74,19,'besunda, Bernard m.',350,0,0,'2023-11-01 00:00:00'),(75,1,'OMORI, JOSEPHINE O.',300,12.5,1,'2023-11-01 17:53:52'),(76,5,'Kahara , Joyce W.',250,0,0,'2023-11-01 00:00:00'),(77,6,'Mutua, Scholastica  K.',200,0,0,'2023-11-01 17:56:46'),(78,11,'Mainga, Parsgalia M.',100,0,0,'2023-11-01 00:00:00'),(79,16,'Gachanja , Charles  G.',200,0,0,'2023-11-01 00:00:00'),(80,17,'Waithera, Nancy N.',300,0,0,'2023-11-01 00:00:00'),(81,20,'OTIENO, ADDAH O.',400,0,0,'2023-11-01 00:00:00'),(82,21,'Onguko, Tekla A.',250,0,0,'2023-11-01 00:00:00'),(83,4,'SIKO, LINET  N.',450,0,0,'2023-11-01 00:00:00'),(84,15,'Mokua, Ermarita K.',150,0,0,'2023-11-01 00:00:00'),(85,2,'NGOLYA, EUNICE  M.',350,0,0,'2023-11-01 00:00:00'),(86,12,'Muema , Nibrescah  M.',750,0,0,'2023-11-01 00:00:00'),(87,1,'OMORI, JOSEPHINE O.',300,12.5,1,'2023-11-02 17:56:36'),(88,2,'NGOLYA, EUNICE  M.',350,0,0,'2023-11-01 21:00:00'),(89,6,'Mutua, Scholastica  K.',200,0,0,'2023-11-02 18:08:16'),(90,4,'SIKO, LINET  N.',450,0,0,'2023-11-01 21:00:00'),(91,16,'Gachanja , Charles  G.',200,0,0,'2023-11-01 21:00:00'),(92,17,'Waithera, Nancy N.',300,0,0,'2023-11-01 21:00:00'),(93,5,'Kahara , Joyce W.',300,12.5,1,'2023-11-02 18:16:05'),(94,22,'WANGARI, MARGARET W.',750,0,0,'2023-11-02 18:17:59'),(95,21,'Onguko, Tekla A.',250,0,0,'2023-11-02 18:19:25'),(96,20,'OTIENO, ADDAH O.',400,0,0,'2023-11-02 18:20:45'),(97,15,'Mokua, Ermarita K.',150,0,0,'2023-11-02 18:29:51'),(98,11,'Mainga, Parsgalia M.',100,0,0,'2023-11-01 21:00:00'),(99,5,'Kahara , Joyce W.',250,0,0,'2023-11-02 21:00:00'),(100,6,'Mutua, Scholastica  K.',200,0,0,'2023-11-02 21:00:00'),(101,12,'Muema , Nibrescah  M.',1500,37.5,1,'2023-11-03 18:00:30'),(102,16,'Gachanja , Charles  G.',200,0,0,'2023-11-02 21:00:00'),(103,23,'NZEKI, FAITJ M.',400,0,0,'2023-11-02 21:00:00'),(104,22,'WANGARI, MARGARET W.',750,0,0,'2023-11-02 21:00:00'),(105,21,'Onguko, Tekla A.',250,0,0,'2023-11-02 21:00:00'),(106,20,'OTIENO, ADDAH O.',400,0,0,'2023-11-03 18:04:58'),(107,24,'Rebeka, Theresa O.',300,0,0,'2023-11-02 21:00:00'),(108,17,'Waithera, Nancy N.',300,0,0,'2023-11-03 18:57:08'),(109,11,'Mainga, Parsgalia M.',100,0,0,'2023-11-03 19:47:14'),(110,15,'Mokua, Ermarita K.',150,0,0,'2023-11-03 19:49:13'),(111,4,'SIKO, LINET  N.',250,0,0,'2023-11-03 20:05:46'),(112,2,'NGOLYA, EUNICE  M.',350,0,0,'2023-11-02 21:00:00'),(113,25,'Matheka, Glandys  M.',250,0,0,'2023-11-03 21:00:00'),(114,2,'NGOLYA, EUNICE  M.',350,0,0,'2023-11-03 21:00:00'),(115,6,'Mutua, Scholastica  K.',200,0,0,'2023-11-04 18:00:25'),(116,11,'Mainga, Parsgalia M.',100,0,0,'2023-11-04 18:01:44'),(117,16,'Gachanja , Charles  G.',200,0,0,'2023-11-04 18:03:20'),(118,15,'Mokua, Ermarita K.',150,0,0,'2023-11-04 18:04:42'),(119,23,'NZEKI, FAITJ M.',400,0,0,'2023-11-04 18:06:30'),(120,22,'WANGARI, MARGARET W.',750,0,0,'2023-11-04 18:07:15'),(121,21,'Onguko, Tekla A.',250,0,0,'2023-11-04 18:08:17'),(122,20,'OTIENO, ADDAH O.',400,0,0,'2023-11-04 18:09:25'),(123,1,'OMORI, JOSEPHINE O.',600,12.5,1,'2023-11-04 18:10:44'),(124,19,'besunda, Bernard m.',1050,17.5,1,'2023-11-04 20:06:29'),(125,24,'Rebeka, Theresa O.',300,0,0,'2023-11-04 20:19:53'),(126,2,'NGOLYA, EUNICE  M.',350,0,0,'2023-11-05 19:53:37'),(127,4,'SIKO, LINET  N.',450,0,0,'2023-11-05 19:54:29'),(128,6,'Mutua, Scholastica  K.',200,0,0,'2023-11-05 19:56:15'),(129,11,'Mainga, Parsgalia M.',100,0,0,'2023-11-05 19:57:00'),(130,12,'Muema , Nibrescah  M.',1250,37.5,1,'2023-11-05 19:57:56'),(131,15,'Mokua, Ermarita K.',150,0,0,'2023-11-05 19:58:54'),(132,16,'Gachanja , Charles  G.',200,0,0,'2023-11-05 19:59:17'),(133,17,'Waithera, Nancy N.',300,15,1,'2023-11-05 19:59:48'),(134,25,'Matheka, Glandys  M.',250,0,0,'2023-11-05 20:00:42'),(135,24,'Rebeka, Theresa O.',300,0,0,'2023-11-05 20:01:30'),(136,21,'Onguko, Tekla A.',250,0,0,'2023-11-05 20:03:09'),(137,20,'OTIENO, ADDAH O.',400,0,0,'2023-11-05 20:04:07'),(138,23,'NZEKI, FAITJ M.',400,0,0,'2023-11-05 20:15:20'),(139,1,'OMORI, JOSEPHINE O.',300,12.5,1,'2023-11-06 20:43:43'),(140,4,'SIKO, LINET  N.',450,0,0,'2023-11-06 20:44:17'),(141,15,'Mokua, Ermarita K.',150,0,0,'2023-11-06 20:44:36'),(142,16,'Gachanja , Charles  G.',200,0,0,'2023-11-06 20:44:55'),(143,22,'WANGARI, MARGARET W.',750,37.5,1,'2023-11-06 20:45:16'),(144,12,'Muema , Nibrescah  M.',250,37.5,1,'2023-11-06 20:45:59'),(145,24,'Rebeka, Theresa O.',300,0,0,'2023-11-06 20:46:30'),(146,23,'NZEKI, FAITJ M.',400,0,0,'2023-11-06 20:46:55'),(147,17,'Waithera, Nancy N.',300,15,1,'2023-11-06 20:47:13'),(148,11,'Mainga, Parsgalia M.',100,0,0,'2023-11-06 20:47:39'),(149,20,'OTIENO, ADDAH O.',400,0,0,'2023-11-06 20:47:54'),(150,25,'Matheka, Glandys  M.',250,0,0,'2023-11-06 20:48:13'),(151,21,'Onguko, Tekla A.',250,0,0,'2023-11-06 20:48:31'),(152,26,'chepkoech, sharon c.',150,0,0,'2023-11-06 20:48:46'),(153,1,'OMORI, JOSEPHINE O.',300,12.5,1,'2023-11-07 18:53:31'),(154,4,'SIKO, LINET  N.',450,0,0,'2023-11-07 18:53:53'),(155,5,'Kahara , Joyce W.',500,12.5,1,'2023-11-07 18:54:19'),(156,16,'Gachanja , Charles  G.',200,0,0,'2023-11-07 18:54:40'),(157,22,'WANGARI, MARGARET W.',1000,37.5,1,'2023-11-07 18:55:09'),(158,20,'OTIENO, ADDAH O.',400,0,0,'2023-11-07 18:55:40'),(159,12,'Muema , Nibrescah  M.',750,37.5,1,'2023-11-07 18:55:56'),(160,17,'Waithera, Nancy N.',300,15,1,'2023-11-07 18:56:12'),(161,25,'Matheka, Glandys  M.',250,0,0,'2023-11-07 18:57:05'),(162,6,'Mutua, Scholastica  K.',400,10,1,'2023-11-07 19:01:26'),(163,2,'NGOLYA, EUNICE  M.',350,17.5,1,'2023-11-07 19:02:35'),(164,24,'Rebeka, Theresa O.',300,0,0,'2023-11-07 19:03:14'),(165,26,'chepkoech, sharon c.',150,0,0,'2023-11-07 19:03:27'),(166,26,'chepkoech, sharon c.',150,0,0,'2023-11-07 19:03:35'),(167,11,'Mainga, Parsgalia M.',100,0,0,'2023-11-07 19:04:00'),(168,23,'NZEKI, FAITJ M.',400,0,0,'2023-11-07 19:04:21'),(169,21,'Onguko, Tekla A.',250,0,0,'2023-11-07 19:04:38'),(170,15,'Mokua, Ermarita K.',150,0,0,'2023-11-07 19:04:55'),(171,1,'OMORI, JOSEPHINE O.',300,12.5,1,'2023-11-08 17:41:47'),(172,6,'Mutua, Scholastica  K.',200,0,0,'2023-11-07 21:00:00'),(173,11,'Mainga, Parsgalia M.',100,0,0,'2023-11-07 21:00:00'),(174,15,'Mokua, Ermarita K.',150,0,0,'2023-11-07 21:00:00'),(175,16,'Gachanja , Charles  G.',200,0,0,'2023-11-07 21:00:00'),(176,17,'Waithera, Nancy N.',300,15,1,'2023-11-08 17:46:39'),(177,29,'Ngigi, Alice W.',200,0,0,'2023-11-07 21:00:00'),(178,26,'chepkoech, sharon c.',150,0,0,'2023-11-07 21:00:00'),(179,25,'Matheka, Glandys  M.',250,0,0,'2023-11-07 21:00:00'),(180,22,'WANGARI, MARGARET W.',750,37.5,1,'2023-11-08 17:50:07'),(181,21,'Onguko, Tekla A.',250,0,0,'2023-11-08 17:50:39'),(182,20,'OTIENO, ADDAH O.',400,0,0,'2023-11-08 17:51:02'),(183,24,'Rebeka, Theresa O.',300,0,0,'2023-11-08 17:51:36'),(184,23,'NZEKI, FAITJ M.',400,0,0,'2023-11-08 17:54:03'),(185,5,'Kahara , Joyce W.',300,12.5,1,'2023-11-08 18:11:49'),(186,12,'Muema , Nibrescah  M.',750,37.5,1,'2023-11-08 19:15:30'),(187,2,'NGOLYA, EUNICE  M.',350,17.5,1,'2023-11-08 19:37:47'),(188,4,'SIKO, LINET  N.',450,0,0,'2023-11-08 19:39:29'),(189,19,'besunda, Bernard m.',1050,17.5,1,'2023-11-09 02:36:50'),(190,1,'OMORI, JOSEPHINE O.',300,12.5,1,'2023-11-09 17:57:46'),(191,5,'Kahara , Joyce W.',300,12.5,1,'2023-11-09 17:59:15'),(192,6,'Mutua, Scholastica  K.',200,10,1,'2023-11-09 17:59:45'),(193,11,'Mainga, Parsgalia M.',100,0,0,'2023-11-09 18:00:13'),(194,16,'Gachanja , Charles  G.',200,0,0,'2023-11-09 18:01:00'),(195,30,'Kimeu , Domitila  K.',250,0,0,'2023-11-09 18:02:21'),(196,29,'Ngigi, Alice W.',200,0,0,'2023-11-08 21:00:00'),(197,25,'Matheka, Glandys  M.',250,0,0,'2023-11-08 21:00:00'),(198,22,'WANGARI, MARGARET W.',1000,37.5,1,'2023-11-09 18:04:49'),(199,20,'OTIENO, ADDAH O.',400,0,0,'2023-11-09 18:05:26'),(200,23,'NZEKI, FAITJ M.',400,0,0,'2023-11-09 18:06:15'),(201,31,'MBALUKA, GLADYS N.',100,0,0,'2023-11-09 18:06:34'),(202,21,'Onguko, Tekla A.',250,0,0,'2023-11-09 18:08:21'),(203,17,'Waithera, Nancy N.',200,15,1,'2023-11-09 18:09:37'),(204,2,'NGOLYA, EUNICE  M.',350,17.5,1,'2023-11-09 18:51:31'),(205,15,'Mokua, Ermarita K.',150,0,0,'2023-11-09 19:10:49'),(206,24,'Rebeka, Theresa O.',300,0,0,'2023-11-09 19:25:34'),(207,12,'Muema , Nibrescah  M.',750,37.5,1,'2023-11-09 20:09:38'),(208,4,'SIKO, LINET  N.',450,0,0,'2023-11-09 20:12:11'),(209,1,'OMORI, JOSEPHINE O.',300,12.5,1,'2023-11-10 18:46:22'),(210,5,'Kahara , Joyce W.',300,12.5,1,'2023-11-10 19:31:52'),(211,15,'Mokua, Ermarita K.',150,0,0,'2023-11-10 19:32:08'),(212,16,'Gachanja , Charles  G.',200,0,0,'2023-11-10 19:32:33'),(213,32,'Wakatu, Ruth A.',200,0,0,'2023-11-10 19:32:51'),(214,11,'Mainga, Parsgalia M.',100,0,0,'2023-11-10 19:33:09'),(215,20,'OTIENO, ADDAH O.',400,0,0,'2023-11-10 19:33:29'),(216,12,'Muema , Nibrescah  M.',750,37.5,1,'2023-11-10 19:33:43'),(217,30,'Kimeu , Domitila  K.',250,0,0,'2023-11-10 19:38:14'),(218,24,'Rebeka, Theresa O.',300,0,0,'2023-11-10 19:51:00'),(219,31,'MBALUKA, GLADYS N.',100,0,0,'2023-11-10 20:21:11'),(220,25,'Matheka, Glandys  M.',250,0,0,'2023-11-10 20:21:30'),(221,21,'Onguko, Tekla A.',250,0,0,'2023-11-10 20:21:45'),(222,26,'chepkoech, sharon c.',150,0,0,'2023-11-10 20:22:13'),(223,2,'NGOLYA, EUNICE  M.',350,17.5,1,'2023-11-10 20:25:55'),(224,23,'NZEKI, FAITJ M.',400,0,0,'2023-11-10 20:37:46'),(225,2,'NGOLYA, EUNICE  M.',2800,17.5,1,'2023-11-11 07:59:36'),(226,32,'Wakatu, Ruth A.',200,0,0,'2023-11-11 13:45:14'),(227,6,'Mutua, Scholastica  K.',200,0,0,'2023-11-09 21:00:00'),(228,33,'NGOLYA, EUNICE  M.',400,0,0,'2023-11-11 14:04:57'),(229,1,'OMORI, JOSEPHINE O.',300,12.5,1,'2023-11-11 17:20:00'),(230,5,'Kahara , Joyce W.',300,12.5,1,'2023-11-11 17:22:20'),(231,15,'Mokua, Ermarita K.',150,0,0,'2023-11-11 17:22:38'),(232,16,'Gachanja , Charles  G.',200,0,0,'2023-11-11 17:22:53'),(233,22,'WANGARI, MARGARET W.',1000,37.5,1,'2023-11-11 17:23:19'),(234,23,'NZEKI, FAITJ M.',400,0,0,'2023-11-11 17:23:33'),(235,34,'KUDU, MICHAEL M.',350,0,0,'2023-11-11 19:20:43'),(236,17,'Waithera, Nancy N.',300,15,1,'2023-11-11 19:21:04'),(237,20,'OTIENO, ADDAH O.',400,0,0,'2023-11-11 20:22:51'),(238,6,'Mutua, Scholastica  K.',200,10,1,'2023-11-11 20:23:48'),(239,21,'Onguko, Tekla A.',250,0,0,'2023-11-11 20:24:22'),(240,30,'Kimeu , Domitila  K.',250,0,0,'2023-11-11 20:24:49'),(241,29,'Ngigi, Alice W.',200,10,1,'2023-11-11 20:25:19'),(242,26,'chepkoech, sharon c.',150,0,0,'2023-11-11 20:43:44'),(243,31,'MBALUKA, GLADYS N.',100,0,0,'2023-11-11 20:48:06'),(244,11,'Mainga, Parsgalia M.',100,0,0,'2023-11-11 20:50:03'),(245,25,'Matheka, Glandys  M.',250,0,0,'2023-11-11 20:51:14'),(246,35,'Njuriba, Peter W.',150,7.5,1,'2023-11-12 16:25:25'),(247,12,'Muema , Nibrescah  M.',750,37.5,1,'2023-11-12 16:29:18'),(248,12,'Muema , Nibrescah  M.',750,0,0,'2023-11-10 21:00:00'),(249,30,'Kimeu , Domitila  K.',250,0,0,'2023-11-12 16:36:23'),(250,21,'Onguko, Tekla A.',250,0,0,'2023-11-12 16:41:05'),(251,34,'KUDU, MICHAEL M.',350,0,0,'2023-11-11 21:00:00'),(252,26,'chepkoech, sharon c.',150,0,0,'2023-11-11 21:00:00'),(253,33,'NGOLYA, EUNICE  M.',400,0,0,'2023-11-11 21:00:00'),(254,24,'Rebeka, Theresa O.',300,0,0,'2023-11-10 21:00:00'),(255,32,'Wakatu, Ruth A.',200,0,0,'2023-11-11 21:00:00'),(256,16,'Gachanja , Charles  G.',200,0,0,'2023-11-11 21:00:00'),(257,20,'OTIENO, ADDAH O.',400,0,0,'2023-11-12 17:21:39'),(258,31,'MBALUKA, GLADYS N.',100,0,0,'2023-11-12 17:23:34'),(259,11,'Mainga, Parsgalia M.',100,0,0,'2023-11-11 21:00:00'),(260,24,'Rebeka, Theresa O.',300,0,0,'2023-11-12 17:53:06'),(261,25,'Matheka, Glandys  M.',250,0,0,'2023-11-12 17:53:27'),(262,17,'Waithera, Nancy N.',300,15,1,'2023-11-12 18:18:11'),(263,4,'SIKO, LINET  N.',1100,22.5,1,'2023-11-12 18:23:10'),(265,29,'Ngigi, Alice W.',200,0,0,'2023-11-11 21:00:00'),(266,23,'NZEKI, FAITJ M.',400,0,0,'2023-11-11 21:00:00'),(267,19,'besunda, Bernard m.',1050,17.5,1,'2023-11-13 04:16:09'),(269,25,'Matheka, Glandys  M.',250,0,0,'2023-11-13 16:43:53'),(270,34,'KUDU, MICHAEL M.',350,0,0,'2023-11-13 16:45:03'),(271,36,'Musa, Jacinta  N.',400,0,0,'2023-11-13 16:45:35'),(272,16,'Gachanja , Charles  G.',200,0,0,'2023-11-13 18:14:55'),(273,35,'Njuriba, Peter W.',150,0,0,'2023-11-13 18:15:26'),(274,21,'Onguko, Tekla A.',250,0,0,'2023-11-13 18:15:52'),(275,30,'Kimeu , Domitila  K.',250,0,0,'2023-11-13 18:17:54'),(276,1,'OMORI, JOSEPHINE O.',300,12.5,1,'2023-11-13 18:50:46'),(277,22,'WANGARI, MARGARET W.',750,37.5,1,'2023-11-13 18:51:09'),(278,32,'Wakatu, Ruth A.',200,0,0,'2023-11-13 18:51:29'),(279,6,'Mutua, Scholastica  K.',200,10,1,'2023-11-13 18:51:58'),(280,12,'Muema , Nibrescah  M.',750,37.5,1,'2023-11-13 18:54:06'),(281,31,'MBALUKA, GLADYS N.',100,0,0,'2023-11-13 19:01:17'),(282,15,'Mokua, Ermarita K.',150,7.5,1,'2023-11-13 19:46:37'),(283,4,'SIKO, LINET  N.',650,22.5,1,'2023-11-13 19:48:15'),(284,5,'Kahara , Joyce W.',500,12.5,1,'2023-11-13 19:48:35'),(285,6,'Mutua, Scholastica  K.',200,0,0,'2023-11-11 21:00:00'),(286,15,'Mokua, Ermarita K.',150,0,0,'2023-11-11 21:00:00'),(287,33,'NGOLYA, EUNICE  M.',400,0,0,'2023-11-13 19:49:39'),(288,24,'Rebeka, Theresa O.',300,0,0,'2023-11-13 19:54:59'),(289,11,'Mainga, Parsgalia M.',100,0,0,'2023-11-13 19:59:04'),(290,23,'NZEKI, FAITJ M.',400,0,0,'2023-11-13 20:22:26'),(291,17,'Waithera, Nancy N.',300,15,1,'2023-11-13 20:24:21'),(292,37,'CHEPCHUMBA, VALARY K.',500,0,0,'2023-11-14 06:38:56'),(293,12,'Muema , Nibrescah  M.',6750,37.5,1,'2023-11-14 08:25:03'),(294,26,'chepkoech, sharon c.',150,0,0,'2023-11-12 21:00:00'),(295,26,'chepkoech, sharon c.',150,0,0,'2023-11-13 21:00:00'),(296,35,'Njuriba, Peter W.',150,0,0,'2023-11-14 16:18:36'),(297,20,'OTIENO, ADDAH O.',400,0,0,'2023-11-12 21:00:00'),(298,34,'KUDU, MICHAEL M.',350,0,0,'2023-11-14 16:26:31'),(299,29,'Ngigi, Alice W.',200,0,0,'2023-11-09 21:00:00'),(300,29,'Ngigi, Alice W.',200,0,0,'2023-11-12 21:00:00'),(301,1,'OMORI, JOSEPHINE O.',300,12.5,1,'2023-11-14 18:02:05'),(302,16,'Gachanja , Charles  G.',200,0,0,'2023-11-14 18:02:52'),(303,32,'Wakatu, Ruth A.',200,0,0,'2023-11-14 18:08:04'),(304,22,'WANGARI, MARGARET W.',750,37.5,1,'2023-11-14 18:15:14'),(305,39,'Kyalo, Dororthy M.',300,0,0,'2023-11-14 18:19:49'),(306,30,'Kimeu , Domitila  K.',250,0,0,'2023-11-14 18:21:44'),(307,31,'MBALUKA, GLADYS N.',100,0,0,'2023-11-14 18:23:26'),(308,15,'Mokua, Ermarita K.',150,0,0,'2023-11-14 18:24:04'),(309,23,'NZEKI, FAITJ M.',400,0,0,'2023-11-14 18:25:51'),(310,1,'OMORI, JOSEPHINE O.',250,0,0,'2023-10-28 21:00:00'),(311,17,'Waithera, Nancy N.',300,15,1,'2023-11-14 18:34:29'),(312,6,'Mutua, Scholastica  K.',200,10,1,'2023-11-14 18:54:25'),(313,20,'OTIENO, ADDAH O.',400,0,0,'2023-11-14 18:55:17'),(314,24,'Rebeka, Theresa O.',300,0,0,'2023-11-14 19:45:27'),(315,11,'Mainga, Parsgalia M.',100,0,0,'2023-11-14 19:45:50'),(316,38,'Muema , Nibrescah  M.',750,0,0,'2023-11-14 19:46:04'),(317,25,'Matheka, Glandys  M.',250,0,0,'2023-11-14 19:46:26'),(318,21,'Onguko, Tekla A.',250,0,0,'2023-11-14 19:46:58'),(319,40,'Mogire, Gladys K.',150,7.5,1,'2023-11-14 19:56:41'),(320,4,'SIKO, LINET  N.',450,22.5,1,'2023-11-14 20:13:39'),(321,33,'NGOLYA, EUNICE  M.',400,0,0,'2023-11-14 20:19:24'),(322,5,'Kahara , Joyce W.',250,12.5,1,'2023-11-15 13:41:01'),(323,5,'Kahara , Joyce W.',250,0,0,'2023-11-13 21:00:00'),(324,22,'WANGARI, MARGARET W.',1000,37.5,1,'2023-11-15 16:37:46'),(325,40,'Mogire, Gladys K.',150,7.5,1,'2023-11-15 16:44:17'),(326,32,'Wakatu, Ruth A.',200,0,0,'2023-11-15 16:49:19'),(327,34,'KUDU, MICHAEL M.',350,0,0,'2023-11-15 16:50:42'),(328,35,'Njuriba, Peter W.',150,0,0,'2023-11-15 16:52:29'),(329,30,'Kimeu , Domitila  K.',250,0,0,'2023-11-15 16:54:18'),(330,36,'Musa, Jacinta  N.',400,0,0,'2023-11-13 21:00:00'),(331,31,'MBALUKA, GLADYS N.',100,0,0,'2023-11-15 17:12:23'),(332,21,'Onguko, Tekla A.',250,0,0,'2023-11-15 17:17:46'),(333,1,'OMORI, JOSEPHINE O.',100,12.5,1,'2023-11-15 17:24:54'),(334,23,'NZEKI, FAITJ M.',400,0,0,'2023-11-15 17:32:48'),(335,16,'Gachanja , Charles  G.',200,0,0,'2023-11-15 17:33:27'),(336,15,'Mokua, Ermarita K.',150,0,0,'2023-11-15 17:34:05'),(337,6,'Mutua, Scholastica  K.',800,10,1,'2023-11-15 17:48:31'),(338,39,'Kyalo, Dororthy M.',300,0,0,'2023-11-15 17:58:54'),(339,26,'chepkoech, sharon c.',150,0,0,'2023-11-15 18:01:11'),(340,42,'Nzioka, Felisters  M.',600,0,0,'2023-11-15 19:34:25'),(341,41,'Mutua, Scholastica  K.',350,0,0,'2023-11-15 19:35:22'),(342,25,'Matheka, Glandys  M.',250,0,0,'2023-11-15 19:47:06'),(343,4,'SIKO, LINET  N.',450,22.5,1,'2023-11-15 19:47:18'),(344,19,'besunda, Bernard m.',1050,17.5,1,'2023-11-15 19:47:45'),(345,24,'Rebeka, Theresa O.',300,0,0,'2023-11-15 19:47:59'),(346,36,'Musa, Jacinta  N.',400,0,0,'2023-11-15 19:48:18'),(347,11,'Mainga, Parsgalia M.',100,0,0,'2023-11-15 19:51:13'),(348,20,'OTIENO, ADDAH O.',400,0,0,'2023-11-14 21:00:00'),(349,37,'CHEPCHUMBA, VALARY K.',500,0,0,'2023-11-14 21:00:00'),(350,38,'Muema , Nibrescah  M.',750,0,0,'2023-11-14 21:00:00'),(351,15,'Mokua, Ermarita K.',150,0,0,'2023-11-16 18:44:53'),(352,16,'Gachanja , Charles  G.',200,0,0,'2023-11-16 18:45:41'),(353,22,'WANGARI, MARGARET W.',750,37.5,1,'2023-11-16 18:46:19'),(354,23,'NZEKI, FAITJ M.',400,0,0,'2023-11-16 18:46:44'),(355,31,'MBALUKA, GLADYS N.',100,0,0,'2023-11-16 18:47:02'),(356,37,'CHEPCHUMBA, VALARY K.',500,0,0,'2023-11-16 18:47:24'),(357,32,'Wakatu, Ruth A.',200,0,0,'2023-11-16 18:47:56'),(358,34,'KUDU, MICHAEL M.',350,0,0,'2023-11-16 18:48:22'),(359,17,'Waithera, Nancy N.',300,15,1,'2023-11-16 18:48:41'),(360,42,'Nzioka, Felisters  M.',600,0,0,'2023-11-16 18:49:05'),(361,20,'OTIENO, ADDAH O.',400,0,0,'2023-11-16 18:49:24'),(362,40,'Mogire, Gladys K.',150,0,0,'2023-11-16 18:49:46'),(363,41,'Mutua, Scholastica  K.',350,0,0,'2023-11-16 18:50:04'),(364,39,'Kyalo, Dororthy M.',300,0,0,'2023-11-16 18:50:24'),(365,21,'Onguko, Tekla A.',250,0,0,'2023-11-16 18:51:59'),(366,26,'chepkoech, sharon c.',150,0,0,'2023-11-16 18:52:15'),(367,30,'Kimeu , Domitila  K.',250,0,0,'2023-11-16 18:52:44'),(368,25,'Matheka, Glandys  M.',250,0,0,'2023-11-16 18:54:27'),(369,36,'Musa, Jacinta  N.',400,0,0,'2023-11-16 19:05:05'),(370,24,'Rebeka, Theresa O.',300,0,0,'2023-11-16 19:10:34'),(371,4,'SIKO, LINET  N.',450,22.5,1,'2023-11-16 19:38:37'),(372,11,'Mainga, Parsgalia M.',100,0,0,'2023-11-16 19:39:00'),(373,29,'Ngigi, Alice W.',200,10,1,'2023-11-16 19:41:52'),(374,33,'NGOLYA, EUNICE  M.',400,20,1,'2023-11-16 20:19:19'),(375,32,'Wakatu, Ruth A.',200,0,0,'2023-11-17 15:55:39'),(376,34,'KUDU, MICHAEL M.',350,0,0,'2023-11-17 15:59:51'),(377,30,'Kimeu , Domitila  K.',250,0,0,'2023-11-17 16:11:44'),(378,42,'Nzioka, Felisters  M.',600,0,0,'2023-11-17 16:13:13'),(379,31,'MBALUKA, GLADYS N.',100,0,0,'2023-11-17 16:13:49'),(380,38,'Muema , Nibrescah  M.',750,37.5,1,'2023-11-17 16:15:38'),(381,35,'Njuriba, Peter W.',150,7.5,1,'2023-11-17 16:58:54'),(382,33,'NGOLYA, EUNICE  M.',400,20,1,'2023-11-17 17:12:30'),(383,35,'Njuriba, Peter W.',150,0,0,'2023-11-15 21:00:00'),(384,11,'Mainga, Parsgalia M.',100,0,0,'2023-11-17 17:19:45'),(385,15,'Mokua, Ermarita K.',150,0,0,'2023-11-17 18:24:24'),(386,22,'WANGARI, MARGARET W.',750,37.5,1,'2023-11-17 18:24:42'),(387,37,'CHEPCHUMBA, VALARY K.',500,0,0,'2023-11-17 18:25:02'),(388,40,'Mogire, Gladys K.',150,0,0,'2023-11-17 18:25:20'),(389,43,'OMORI, JOSEPHINE O.',250,12.5,1,'2023-11-17 18:25:39'),(390,20,'OTIENO, ADDAH O.',400,0,0,'2023-11-17 18:26:13'),(391,23,'NZEKI, FAITJ M.',400,0,0,'2023-11-17 18:26:51'),(392,41,'Mutua, Scholastica  K.',350,0,0,'2023-11-17 18:27:08'),(393,21,'Onguko, Tekla A.',250,0,0,'2023-11-17 18:27:26'),(394,39,'Kyalo, Dororthy M.',300,0,0,'2023-11-17 18:27:56'),(395,16,'Gachanja , Charles  G.',200,0,0,'2023-11-17 18:28:34'),(396,5,'Kahara , Joyce W.',250,12.5,1,'2023-11-17 18:28:54'),(397,36,'Musa, Jacinta  N.',400,0,0,'2023-11-17 19:06:52'),(398,29,'Ngigi, Alice W.',200,10,1,'2023-11-17 19:07:16'),(399,5,'Kahara , Joyce W.',250,0,0,'2023-11-15 21:00:00'),(400,24,'Rebeka, Theresa O.',300,0,0,'2023-11-17 19:34:01'),(401,4,'SIKO, LINET  N.',450,22.5,1,'2023-11-17 20:05:47'),(402,44,'Wambua, Nicholas  K.',300,0,0,'2023-11-18 08:44:53'),(403,32,'Wakatu, Ruth A.',200,0,0,'2023-11-18 15:53:18'),(404,34,'KUDU, MICHAEL M.',350,0,0,'2023-11-18 15:53:48'),(405,42,'Nzioka, Felisters  M.',600,0,0,'2023-11-18 16:21:37'),(406,16,'Gachanja , Charles  G.',200,0,0,'2023-11-18 17:36:57'),(407,22,'WANGARI, MARGARET W.',750,37.5,1,'2023-11-18 17:37:26'),(408,37,'CHEPCHUMBA, VALARY K.',500,0,0,'2023-11-18 17:37:54'),(409,43,'OMORI, JOSEPHINE O.',250,12.5,1,'2023-11-18 17:38:09'),(410,17,'Waithera, Nancy N.',300,15,1,'2023-11-18 17:38:24'),(411,26,'chepkoech, sharon c.',150,7.5,1,'2023-11-18 17:41:29'),(412,21,'Onguko, Tekla A.',250,0,0,'2023-11-18 18:01:01'),(413,41,'Mutua, Scholastica  K.',350,0,0,'2023-11-18 18:01:22'),(414,20,'OTIENO, ADDAH O.',400,0,0,'2023-11-18 18:01:39'),(415,25,'Matheka, Glandys  M.',250,0,0,'2023-11-16 21:00:00'),(416,25,'Matheka, Glandys  M.',250,0,0,'2023-11-17 21:00:00'),(417,38,'Muema , Nibrescah  M.',750,37.5,1,'2023-11-18 18:18:59'),(418,24,'Rebeka, Theresa O.',300,0,0,'2023-11-18 18:49:29'),(419,36,'Musa, Jacinta  N.',400,0,0,'2023-11-18 18:51:36'),(420,30,'Kimeu , Domitila  K.',250,0,0,'2023-11-18 19:31:25'),(421,15,'Mokua, Ermarita K.',150,0,0,'2023-11-18 20:33:06'),(422,39,'Kyalo, Dororthy M.',300,0,0,'2023-11-18 20:33:26'),(423,23,'NZEKI, FAITJ M.',400,0,0,'2023-11-18 20:48:35'),(424,31,'MBALUKA, GLADYS N.',100,0,0,'2023-11-17 21:00:00'),(425,31,'MBALUKA, GLADYS N.',100,0,0,'2023-11-19 17:05:13'),(426,16,'Gachanja , Charles  G.',200,0,0,'2023-11-19 19:54:45'),(427,19,'besunda, Bernard m.',1050,17.5,1,'2023-11-19 19:55:08'),(428,32,'Wakatu, Ruth A.',200,0,0,'2023-11-19 19:55:49'),(429,42,'Nzioka, Felisters  M.',600,0,0,'2023-11-19 19:56:18'),(430,30,'Kimeu , Domitila  K.',250,0,0,'2023-11-19 19:58:53'),(431,21,'Onguko, Tekla A.',250,0,0,'2023-11-19 19:59:10'),(432,4,'SIKO, LINET  N.',450,22.5,1,'2023-11-19 20:00:18'),(433,15,'Mokua, Ermarita K.',150,0,0,'2023-11-19 20:00:36'),(434,34,'KUDU, MICHAEL M.',350,0,0,'2023-11-19 20:01:43'),(435,35,'Njuriba, Peter W.',150,7.5,1,'2023-11-19 20:03:44'),(436,25,'Matheka, Glandys  M.',250,0,0,'2023-11-18 21:00:00'),(437,23,'NZEKI, FAITJ M.',400,0,0,'2023-11-19 20:29:54'),(438,44,'Wambua, Nicholas  K.',300,0,0,'2023-11-19 20:30:43'),(439,11,'Mainga, Parsgalia M.',100,5,1,'2023-11-19 20:42:47'),(440,22,'WANGARI, MARGARET W.',750,37.5,1,'2023-11-20 17:40:45'),(441,23,'NZEKI, FAITJ M.',400,0,0,'2023-11-20 17:41:55'),(442,15,'Mokua, Ermarita K.',150,0,0,'2023-11-20 19:56:37'),(443,37,'CHEPCHUMBA, VALARY K.',500,25,1,'2023-11-20 19:59:04'),(444,16,'Gachanja , Charles  G.',200,0,0,'2023-11-20 19:59:16'),(445,34,'KUDU, MICHAEL M.',350,0,0,'2023-11-20 19:59:42'),(446,43,'OMORI, JOSEPHINE O.',250,12.5,1,'2023-11-20 20:01:00'),(447,31,'MBALUKA, GLADYS N.',100,0,0,'2023-11-20 20:01:24'),(448,42,'Nzioka, Felisters  M.',600,0,0,'2023-11-20 20:01:53'),(449,41,'Mutua, Scholastica  K.',350,17.5,1,'2023-11-20 20:02:08'),(450,20,'OTIENO, ADDAH O.',400,20,1,'2023-11-20 20:02:47'),(451,36,'Musa, Jacinta  N.',400,20,1,'2023-11-20 20:04:26'),(452,46,'Ndisya, Felistus M.',250,0,0,'2023-11-20 20:04:50'),(453,45,'Muriu, Ruth N.',650,0,0,'2023-11-20 20:05:18'),(454,21,'Onguko, Tekla A.',250,0,0,'2023-11-20 20:05:49'),(455,44,'Wambua, Nicholas  K.',300,0,0,'2023-11-20 20:09:47'),(456,24,'Rebeka, Theresa O.',300,15,1,'2023-11-20 20:10:13'),(457,25,'Matheka, Glandys  M.',250,0,0,'2023-11-20 20:10:49'),(458,26,'chepkoech, sharon c.',150,7.5,1,'2023-11-20 20:11:02'),(459,30,'Kimeu , Domitila  K.',250,0,0,'2023-11-20 20:21:08'),(460,41,'Mutua, Scholastica  K.',350,0,0,'2023-11-18 21:00:00'),(461,32,'Wakatu, Ruth A.',200,0,0,'2023-11-19 21:00:00'),(462,16,'Gachanja , Charles  G.',200,0,0,'2023-11-21 19:11:03'),(463,24,'Rebeka, Theresa O.',300,15,1,'2023-11-21 19:11:18'),(464,22,'Wangari, Margaret  W.',750,37.5,1,'2023-11-21 19:14:13'),(465,23,'Nzeki, Faith M.',400,0,0,'2023-11-21 19:16:51'),(466,20,'Otieno, Addah O.',400,0,0,'2023-11-20 21:00:00'),(467,33,'Ngolya , Eunice  M.',400,20,1,'2023-11-21 19:23:38'),(468,30,'Kimeu , Domitila  K.',250,0,0,'2023-11-20 21:00:00'),(469,34,'Kudu, Michael  M.',350,0,0,'2023-11-21 19:28:46'),(470,36,'Musa, Jacinta  N.',400,20,1,'2023-11-21 19:34:30'),(471,46,'Ndisya, Felistus M.',250,0,0,'2023-11-21 19:35:03'),(472,48,'Siko, Linet N.',250,0,0,'2023-11-20 21:00:00'),(473,21,'Onguko, Tekla A.',250,0,0,'2023-11-21 19:36:37'),(474,37,'Chepchumba, Varary K.',500,25,1,'2023-11-21 19:39:19'),(475,32,'Wakatu, Ruth A.',200,0,0,'2023-11-21 19:39:33'),(476,25,'Matheka, Glandys  M.',250,0,0,'2023-11-21 19:39:53'),(477,38,'Muema , Nibrescah  M.',750,37.5,1,'2023-11-21 19:40:28'),(478,40,'Mogire, Gladys K.',150,0,0,'2023-11-19 21:00:00'),(479,40,'Mogire, Gladys K.',150,0,0,'2023-11-20 21:00:00'),(480,43,'Omori, Josephine  O.',250,0,0,'2023-11-20 21:00:00'),(481,38,'Muema , Nibrescah  M.',750,0,0,'2023-11-19 21:00:00'),(482,37,'Chepchumba, Varary K.',500,0,0,'2023-11-18 21:00:00'),(483,42,'Nzioka, Felisters  M.',600,0,0,'2023-11-21 19:49:12'),(484,47,'Marekia, Teresia N.',250,0,0,'2023-11-21 19:49:29'),(485,41,'Mutua, Scholastica  K.',350,0,0,'2023-11-21 19:49:45'),(486,49,'Gachanja , Charles  G.',200,0,0,'2023-11-21 19:54:14'),(487,45,'Muriu, Ruth N.',650,0,0,'2023-11-20 21:00:00'),(488,44,'Wambua, Nicholas  K.',300,0,0,'2023-11-20 21:00:00'),(489,39,'Kyalo, Dororthy M.',300,0,0,'2023-11-18 21:00:00'),(490,39,'Kyalo, Dororthy M.',300,0,0,'2023-11-19 21:00:00'),(491,39,'Kyalo, Dororthy M.',300,0,0,'2023-11-20 21:00:00'),(492,38,'Muema , Nibrescah  M.',750,0,0,'2023-11-15 21:00:00'),(493,24,'Rebeka, Theresa O.',300,15,1,'2023-11-22 17:19:34'),(494,32,'Wakatu, Ruth A.',200,0,0,'2023-11-22 17:19:53'),(495,34,'Kudu, Michael  M.',350,0,0,'2023-11-22 17:20:06'),(496,42,'Nzioka, Felisters  M.',600,0,0,'2023-11-22 17:20:45'),(497,35,'Njuriba, Peter W.',150,0,0,'2023-11-17 21:00:00'),(498,35,'Njuriba, Peter W.',150,0,0,'2023-11-19 21:00:00'),(499,35,'Njuriba, Peter W.',150,0,0,'2023-11-20 21:00:00'),(500,35,'Njuriba, Peter W.',150,0,0,'2023-11-21 21:00:00'),(501,40,'Mogire, Gladys K.',150,0,0,'2023-11-21 21:00:00'),(502,31,'Mbaluka , Gladys  N.',100,5,1,'2023-11-22 19:09:35'),(503,43,'Omori, Josephine  O.',250,12.5,1,'2023-11-22 19:09:50'),(504,47,'Marekia, Teresia N.',250,0,0,'2023-11-22 19:10:16'),(505,49,'Gachanja , Charles  G.',200,0,0,'2023-11-22 19:10:32'),(506,37,'Chepchumba, Varary K.',500,0,0,'2023-11-22 19:20:20'),(507,23,'Nzeki, Faith M.',400,0,0,'2023-11-22 19:22:26'),(508,48,'Siko, Linet N.',250,0,0,'2023-11-22 19:22:46'),(509,41,'Mutua, Scholastica  K.',350,0,0,'2023-11-22 19:23:08'),(510,39,'Kyalo, Dororthy M.',300,0,0,'2023-11-22 19:23:36'),(511,20,'Otieno, Addah O.',400,20,1,'2023-11-22 19:23:59'),(512,19,'besunda, Bernard m.',1050,17.5,1,'2023-11-22 19:40:50'),(513,38,'Muema , Nibrescah  M.',750,37.5,1,'2023-11-22 19:41:57'),(514,44,'Wambua, Nicholas  K.',300,0,0,'2023-11-22 19:42:15'),(515,22,'Wangari, Margaret  W.',1500,37.5,1,'2023-11-22 19:45:59'),(516,46,'Ndisya, Felistus M.',250,0,0,'2023-11-22 19:46:22'),(517,21,'Onguko, Tekla A.',250,0,0,'2023-11-22 19:47:39'),(518,30,'Kimeu , Domitila  K.',250,0,0,'2023-11-22 19:48:06'),(519,17,'Waithera, Nancy N.',2500,15,1,'2023-11-23 04:49:25'),(520,11,'Mainga, Parsgalia M.',200,5,1,'2023-11-23 04:51:22'),(521,5,'Kahara , Joyce W.',250,12.5,1,'2023-11-23 04:52:30'),(522,45,'Muriu, Ruth N.',650,0,0,'2023-11-21 21:00:00'),(523,29,'Ngigi, Alice W.',1000,10,1,'2023-11-23 14:28:00'),(524,24,'Rebeka, Theresa O.',300,15,1,'2023-11-23 19:05:00'),(525,31,'Mbaluka , Gladys  N.',100,5,1,'2023-11-23 19:05:17'),(526,33,'Ngolya , Eunice  M.',400,20,1,'2023-11-23 19:05:37'),(527,33,'Ngolya , Eunice  M.',400,0,0,'2023-11-21 21:00:00'),(528,34,'Kudu, Michael  M.',350,0,0,'2023-11-23 19:07:05'),(529,40,'Mogire, Gladys K.',150,7.5,1,'2023-11-23 19:07:20'),(530,43,'Omori, Josephine  O.',250,12.5,1,'2023-11-23 19:07:34'),(531,47,'Marekia, Teresia N.',250,0,0,'2023-11-23 19:07:48'),(532,49,'Gachanja , Charles  G.',200,0,0,'2023-11-23 19:08:02'),(533,37,'Chepchumba, Varary K.',500,0,0,'2023-11-23 19:08:22'),(534,23,'Nzeki, Faith M.',400,0,0,'2023-11-23 19:08:42'),(535,50,'Waithera, Nancy N.',250,0,0,'2023-11-23 19:09:05'),(536,20,'Otieno, Addah O.',400,20,1,'2023-11-23 19:09:22'),(537,41,'Mutua, Scholastica  K.',350,0,0,'2023-11-23 19:09:42'),(538,39,'Kyalo, Dororthy M.',300,0,0,'2023-11-23 19:09:57'),(539,48,'Siko, Linet N.',250,0,0,'2023-11-23 20:07:35'),(540,25,'Matheka, Glandys  M.',250,12.5,1,'2023-11-23 20:07:56'),(541,44,'Wambua, Nicholas  K.',300,0,0,'2023-11-23 20:08:14'),(542,21,'Onguko, Tekla A.',250,0,0,'2023-11-23 20:08:27'),(543,22,'Wangari, Margaret  W.',750,37.5,1,'2023-11-23 20:08:38'),(544,30,'Kimeu , Domitila  K.',250,0,0,'2023-11-23 20:08:51'),(545,36,'Musa, Jacinta  N.',400,20,1,'2023-11-23 20:09:06'),(546,45,'Muriu, Ruth N.',650,0,0,'2023-11-22 21:00:00'),(547,36,'Musa, Jacinta  N.',400,0,0,'2023-11-21 21:00:00'),(548,46,'Ndisya, Felistus M.',250,0,0,'2023-11-22 21:00:00'),(549,22,'Wangari, Margaret  W.',750,37.5,1,'2023-11-24 18:15:34'),(550,38,'Muema , Nibrescah  M.',750,37.5,1,'2023-11-24 18:35:45'),(551,24,'Rebeka, Theresa O.',300,15,1,'2023-11-24 18:40:03'),(552,24,'Rebeka, Theresa O.',300,15,1,'2023-11-25 18:27:27'),(553,31,'Mbaluka , Gladys  N.',100,5,1,'2023-11-25 18:27:42'),(554,32,'Wakatu, Ruth A.',200,10,1,'2023-11-25 18:27:57'),(555,33,'Ngolya , Eunice  M.',400,20,1,'2023-11-25 18:28:23'),(556,34,'Kudu, Michael  M.',350,17.5,1,'2023-11-25 18:30:14'),(557,47,'Marekia, Teresia N.',250,12.5,1,'2023-11-25 18:30:53'),(558,49,'Gachanja , Charles  G.',200,10,1,'2023-11-25 18:31:09'),(559,43,'Omori, Josephine  O.',250,12.5,1,'2023-11-25 18:31:36'),(560,37,'Chepchumba, Varary K.',500,25,1,'2023-11-25 18:31:55'),(561,42,'Nzioka, Felisters  M.',600,30,1,'2023-11-25 18:32:13'),(562,23,'Nzeki, Faith M.',400,20,1,'2023-11-25 18:32:43'),(563,50,'Waithera, Nancy N.',250,12.5,1,'2023-11-25 18:33:04'),(564,20,'Otieno, Addah O.',400,20,1,'2023-11-25 18:34:38'),(565,41,'Mutua, Scholastica  K.',350,17.5,1,'2023-11-25 18:35:35'),(566,36,'Musa, Jacinta  N.',400,20,1,'2023-11-25 18:41:22'),(567,22,'Wangari, Margaret  W.',750,37.5,1,'2023-11-25 18:46:52'),(568,46,'Ndisya, Felistus M.',250,12.5,1,'2023-11-25 18:47:27'),(569,21,'Onguko, Tekla A.',250,12.5,1,'2023-11-25 18:47:49'),(570,30,'Kimeu , Domitila  K.',250,12.5,1,'2023-11-25 18:48:38'),(571,51,'Kocheri, Caroline M.',250,12.5,1,'2023-11-25 18:49:01'),(572,39,'Kyalo, Dororthy M.',300,15,1,'2023-11-25 20:34:15'),(573,25,'Matheka, Glandys  M.',250,12.5,1,'2023-11-25 20:34:35'),(574,5,'Kahara , Joyce W.',250,12.5,1,'2023-11-25 20:57:00'),(575,5,'Kahara , Joyce W.',250,0,0,'2023-10-29 21:00:00'),(576,26,'chepkoech, sharon c.',150,0,0,'2023-11-20 21:00:00'),(577,26,'chepkoech, sharon c.',150,0,0,'2023-11-21 21:00:00'),(578,26,'chepkoech, sharon c.',150,0,0,'2023-11-22 21:00:00'),(579,26,'chepkoech, sharon c.',150,0,0,'2023-11-23 21:00:00'),(580,20,'Otieno, Addah O.',400,0,0,'2023-11-23 21:00:00'),(581,20,'Otieno, Addah O.',400,0,0,'2023-11-18 21:00:00'),(582,21,'Onguko, Tekla A.',250,0,0,'2023-11-23 21:00:00'),(583,23,'Nzeki, Faith M.',400,0,0,'2023-11-23 21:00:00'),(584,30,'Kimeu , Domitila  K.',250,0,0,'2023-11-23 21:00:00'),(585,31,'Mbaluka , Gladys  N.',100,0,0,'2023-11-23 21:00:00'),(586,32,'Wakatu, Ruth A.',200,0,0,'2023-11-22 21:00:00'),(587,32,'Wakatu, Ruth A.',200,0,0,'2023-11-23 21:00:00'),(588,39,'Kyalo, Dororthy M.',300,0,0,'2023-11-23 21:00:00'),(589,38,'Muema , Nibrescah  M.',750,0,0,'2023-11-22 21:00:00'),(590,37,'Chepchumba, Varary K.',500,0,0,'2023-11-23 21:00:00'),(591,34,'Kudu, Michael  M.',350,0,0,'2023-11-23 21:00:00'),(592,41,'Mutua, Scholastica  K.',350,0,0,'2023-11-23 21:00:00'),(593,42,'Nzioka, Felisters  M.',600,0,0,'2023-11-22 21:00:00'),(594,43,'Omori, Josephine  O.',250,0,0,'2023-11-18 21:00:00'),(595,43,'Omori, Josephine  O.',250,0,0,'2023-11-23 21:00:00'),(596,44,'Wambua, Nicholas  K.',300,0,0,'2023-11-23 21:00:00'),(597,45,'Muriu, Ruth N.',650,0,0,'2023-11-23 21:00:00'),(598,45,'Muriu, Ruth N.',650,0,0,'2023-11-24 21:00:00'),(599,46,'Ndisya, Felistus M.',250,0,0,'2023-11-23 21:00:00'),(600,48,'Siko, Linet N.',250,0,0,'2023-11-23 21:00:00'),(601,49,'Gachanja , Charles  G.',200,0,0,'2023-11-23 21:00:00'),(602,51,'Kocheri, Caroline M.',250,0,0,'2023-11-23 21:00:00'),(603,31,'Mbaluka , Gladys  N.',100,5,1,'2023-11-26 17:39:08'),(604,34,'Kudu, Michael  M.',350,0,0,'2023-11-26 17:39:40'),(605,47,'Marekia, Teresia N.',250,12.5,1,'2023-11-26 17:40:08'),(606,49,'Gachanja , Charles  G.',200,0,0,'2023-11-26 17:40:28'),(607,52,'Mokua, Ermarita K.',150,0,0,'2023-11-26 17:40:46'),(608,37,'Chepchumba, Varary K.',500,0,0,'2023-11-26 17:40:59'),(609,23,'Nzeki, Faith M.',400,0,0,'2023-11-26 17:41:18'),(610,50,'Waithera, Nancy N.',250,12.5,1,'2023-11-26 17:41:40'),(611,41,'Mutua, Scholastica  K.',350,0,0,'2023-11-26 17:41:55'),(612,30,'Kimeu , Domitila  K.',250,0,0,'2023-11-26 17:42:17'),(613,51,'Kocheri, Caroline M.',250,0,0,'2023-11-26 17:42:40'),(614,21,'Onguko, Tekla A.',250,0,0,'2023-11-26 17:43:37'),(615,24,'Rebeka, Theresa O.',300,15,1,'2023-11-26 17:52:22'),(616,40,'Mogire, Gladys K.',150,7.5,1,'2023-11-26 19:08:33'),(617,48,'Siko, Linet N.',250,12.5,1,'2023-11-26 19:09:26'),(618,25,'Matheka, Glandys  M.',250,12.5,1,'2023-11-26 19:19:57'),(619,19,'besunda, Bernard m.',350,0,0,'2023-11-16 21:00:00'),(620,19,'besunda, Bernard m.',350,0,0,'2023-11-17 21:00:00'),(621,19,'besunda, Bernard m.',350,0,0,'2023-11-19 21:00:00'),(622,38,'Muema , Nibrescah  M.',750,37.5,1,'2023-11-26 20:00:13'),(623,36,'Musa, Jacinta  N.',400,20,1,'2023-11-26 20:00:35'),(624,24,'Rebeka, Theresa O.',300,15,1,'2023-11-27 18:12:48'),(625,32,'Wakatu, Ruth A.',200,10,1,'2023-11-27 18:14:41'),(626,34,'Kudu, Michael  M.',350,0,0,'2023-11-27 18:16:19'),(627,40,'Mogire, Gladys K.',150,7.5,1,'2023-11-27 18:16:55'),(628,43,'Omori, Josephine  O.',250,12.5,1,'2023-11-27 18:17:24'),(629,49,'Gachanja , Charles  G.',200,0,0,'2023-11-27 18:19:40'),(630,42,'Nzioka, Felisters  M.',600,30,1,'2023-11-27 18:21:15'),(631,41,'Mutua, Scholastica  K.',350,0,0,'2023-11-27 18:22:36'),(632,53,'Otieno, Addah O.',500,0,0,'2023-11-27 18:22:54'),(633,52,'Mokua, Ermarita K.',150,0,0,'2023-11-27 18:23:34'),(634,46,'Ndisya, Felistus M.',250,12.5,1,'2023-11-27 18:25:35'),(635,54,'Adhiambo , Gorety A.',200,0,0,'2023-11-27 18:25:52'),(636,51,'Kocheri, Caroline M.',250,0,0,'2023-11-27 18:26:21'),(637,22,'Wangari, Margaret  W.',750,37.5,1,'2023-11-27 18:26:45'),(638,56,'Makale, Susy N.',300,0,0,'2023-11-27 18:35:33'),(639,39,'Kyalo, Dororthy M.',300,15,1,'2023-11-27 18:35:56'),(640,37,'Chepchumba, Varary K.',500,0,0,'2023-11-27 19:14:32'),(641,48,'Siko, Linet N.',250,12.5,1,'2023-11-27 19:14:57'),(642,50,'Waithera, Nancy N.',250,12.5,1,'2023-11-27 19:15:11'),(643,25,'Matheka, Glandys  M.',250,12.5,1,'2023-11-27 19:15:32'),(644,30,'Kimeu , Domitila  K.',250,0,0,'2023-11-27 19:26:33'),(645,47,'Marekia, Teresia N.',250,12.5,1,'2023-11-27 19:26:55'),(646,19,'besunda, Bernard m.',350,17.5,1,'2023-11-27 19:31:30'),(647,23,'Nzeki, Faith M.',400,0,0,'2023-11-27 19:37:21'),(648,44,'Wambua, Nicholas  K.',300,15,1,'2023-11-27 19:38:41'),(649,33,'Ngolya , Eunice  M.',400,0,0,'2023-11-26 21:00:00'),(650,19,'besunda, Bernard m.',350,0,0,'2023-10-28 21:00:00'),(651,29,'Ngigi, Alice W.',200,0,0,'2023-11-25 21:00:00'),(652,29,'Ngigi, Alice W.',200,0,0,'2023-11-26 21:00:00'),(653,29,'Ngigi, Alice W.',200,0,0,'2023-11-27 21:00:00'),(654,49,'Gachanja , Charles  G.',200,0,0,'2023-11-28 19:40:15'),(655,32,'Wakatu, Ruth A.',200,10,1,'2023-11-28 19:43:05'),(656,24,'Rebeka, Theresa O.',300,15,1,'2023-11-28 19:52:23'),(657,30,'Kimeu , Domitila  K.',250,0,0,'2023-11-27 21:00:00'),(658,39,'Kyalo, Dororthy M.',300,0,0,'2023-11-25 21:00:00'),(659,39,'Kyalo, Dororthy M.',300,0,0,'2023-11-27 21:00:00'),(660,56,'Makale, Susy N.',300,0,0,'2023-11-27 21:00:00'),(661,36,'Musa, Jacinta  N.',400,0,0,'2023-11-27 21:00:00'),(662,42,'Nzioka, Felisters  M.',600,0,0,'2023-11-27 21:00:00'),(663,34,'Kudu, Michael  M.',350,0,0,'2023-11-27 21:00:00'),(664,47,'Marekia, Teresia N.',250,0,0,'2023-11-27 21:00:00'),(665,31,'Mbaluka , Gladys  N.',100,0,0,'2023-11-20 21:00:00'),(666,31,'Mbaluka , Gladys  N.',100,0,0,'2023-11-26 21:00:00'),(667,31,'Mbaluka , Gladys  N.',100,0,0,'2023-11-27 21:00:00'),(668,36,'Musa, Jacinta  N.',400,0,0,'2023-11-26 21:00:00'),(669,33,'Ngolya , Eunice  M.',400,0,0,'2023-11-27 21:00:00'),(670,38,'Muema , Nibrescah  M.',750,0,0,'2023-11-26 21:00:00'),(671,38,'Muema , Nibrescah  M.',750,0,0,'2023-11-27 21:00:00'),(672,54,'Adhiambo , Gorety A.',200,0,0,'2023-11-27 21:00:00'),(673,50,'Waithera, Nancy N.',250,0,0,'2023-11-27 21:00:00'),(674,48,'Siko, Linet N.',250,0,0,'2023-11-27 21:00:00'),(675,53,'Otieno, Addah O.',500,0,0,'2023-11-27 21:00:00'),(676,44,'Wambua, Nicholas  K.',300,0,0,'2023-11-27 21:00:00'),(677,24,'Rebeka, Theresa O.',300,0,0,'2023-11-18 21:00:00'),(678,43,'Omori, Josephine  O.',250,0,0,'2023-11-27 21:00:00'),(679,32,'Wakatu, Ruth A.',200,0,0,'2023-11-25 21:00:00'),(680,46,'Ndisya, Felistus M.',250,0,0,'2023-11-25 21:00:00'),(681,46,'Ndisya, Felistus M.',250,0,0,'2023-11-27 21:00:00'),(682,25,'Matheka, Glandys  M.',250,0,0,'2023-11-21 21:00:00'),(683,25,'Matheka, Glandys  M.',250,0,0,'2023-11-23 21:00:00'),(684,25,'Matheka, Glandys  M.',250,0,0,'2023-11-27 21:00:00'),(685,51,'Kocheri, Caroline M.',250,0,0,'2023-11-27 21:00:00'),(686,22,'Wangari, Margaret  W.',750,0,0,'2023-11-04 21:00:00'),(687,22,'Wangari, Margaret  W.',750,0,0,'2023-11-09 21:00:00'),(688,22,'Wangari, Margaret  W.',750,0,0,'2023-11-11 21:00:00'),(689,25,'Matheka, Glandys  M.',250,0,0,'2023-11-28 21:00:00'),(690,55,'Onguko, Tekla A.',250,0,0,'2023-11-28 21:00:00'),(691,31,'Mbaluka , Gladys  N.',100,0,0,'2023-11-29 18:29:51'),(692,32,'Wakatu, Ruth A.',200,0,0,'2023-11-29 18:30:13'),(693,34,'Kudu, Michael  M.',350,0,0,'2023-11-29 18:31:47'),(694,40,'Mogire, Gladys K.',150,7.5,1,'2023-11-29 18:32:48'),(695,50,'Waithera, Nancy N.',250,12.5,1,'2023-11-29 18:36:46'),(696,49,'Gachanja , Charles  G.',200,0,0,'2023-11-29 18:38:47'),(697,42,'Nzioka, Felisters  M.',600,30,1,'2023-11-29 18:41:11'),(698,37,'Chepchumba, Varary K.',500,25,1,'2023-11-29 18:41:42'),(699,53,'Otieno, Addah O.',500,0,0,'2023-11-29 18:42:48'),(700,39,'Kyalo, Dororthy M.',300,0,0,'2023-11-29 18:44:08'),(701,46,'Ndisya, Felistus M.',250,0,0,'2023-11-29 18:44:39'),(702,43,'Omori, Josephine  O.',250,12.5,1,'2023-11-29 18:45:07'),(703,52,'Mokua, Ermarita K.',150,7.5,1,'2023-11-29 18:45:49'),(704,54,'Adhiambo , Gorety A.',200,0,0,'2023-11-29 18:47:23'),(705,57,'Wangari, Margaret  W.',1000,0,0,'2023-11-28 21:00:00'),(706,30,'Kimeu , Domitila  K.',250,0,0,'2023-11-29 18:50:53'),(707,23,'Nzeki, Faith M.',400,0,0,'2023-11-27 21:00:00'),(708,56,'Makale, Susy N.',300,0,0,'2023-11-28 21:00:00'),(709,48,'Siko, Linet N.',250,0,0,'2023-11-28 21:00:00'),(710,33,'Ngolya , Eunice  M.',400,0,0,'2023-11-28 21:00:00'),(711,38,'Muema , Nibrescah  M.',750,0,0,'2023-11-28 21:00:00'),(712,44,'Wambua, Nicholas  K.',300,0,0,'2023-11-28 21:00:00'),(713,37,'Chepchumba, Varary K.',500,0,0,'2023-11-27 21:00:00'),(714,47,'Marekia, Teresia N.',250,0,0,'2023-11-28 21:00:00'),(715,58,'Nzeki, Faith M.',500,0,0,'2023-11-29 21:00:00'),(716,34,'Kudu, Michael  M.',350,0,0,'2023-11-30 15:11:09'),(717,32,'Wakatu, Ruth A.',200,0,0,'2023-11-30 15:13:02'),(718,40,'Mogire, Gladys K.',150,0,0,'2023-11-27 21:00:00'),(719,57,'Wangari, Margaret  W.',1000,0,0,'2023-11-29 21:00:00'),(720,59,'Matheka, Glandys  M.',250,0,0,'2023-11-30 16:03:27'),(721,52,'Mokua, Ermarita K.',150,7.5,1,'2023-11-30 16:17:55'),(722,54,'Adhiambo , Gorety A.',200,0,0,'2023-11-30 16:19:43'),(723,36,'Musa, Jacinta  N.',400,0,0,'2023-11-18 21:00:00'),(724,36,'Musa, Jacinta  N.',400,0,0,'2023-11-23 21:00:00'),(725,40,'Mogire, Gladys K.',150,7.5,1,'2023-11-30 19:08:15'),(726,43,'Omori, Josephine  O.',250,12.5,1,'2023-11-30 19:08:40'),(727,47,'Marekia, Teresia N.',250,12.5,1,'2023-11-30 19:09:08'),(728,48,'Siko, Linet N.',250,12.5,1,'2023-11-30 19:09:27'),(729,49,'Gachanja , Charles  G.',200,0,0,'2023-11-30 19:09:47'),(730,37,'Chepchumba, Varary K.',500,0,0,'2023-11-30 19:10:05'),(731,50,'Waithera, Nancy N.',250,12.5,1,'2023-11-30 19:10:19'),(732,53,'Otieno, Addah O.',500,0,0,'2023-11-30 19:11:54'),(733,55,'Onguko, Tekla A.',250,0,0,'2023-11-30 19:13:27'),(734,36,'Musa, Jacinta  N.',400,20,1,'2023-11-30 19:13:44'),(735,29,'Ngigi, Alice W.',200,10,1,'2023-11-30 19:14:03'),(736,30,'Kimeu , Domitila  K.',250,0,0,'2023-11-30 19:14:27'),(737,56,'Makale, Susy N.',300,0,0,'2023-11-30 19:14:47'),(738,39,'Kyalo, Dororthy M.',300,0,0,'2023-11-30 19:15:21'),(739,31,'Mbaluka , Gladys  N.',100,0,0,'2023-11-30 19:20:46'),(740,41,'Mutua, Scholastica  K.',350,17.5,1,'2023-11-30 19:24:40'),(741,44,'Wambua, Nicholas  K.',300,15,1,'2023-11-30 19:57:27'),(742,46,'Ndisya, Felistus M.',250,0,0,'2023-11-30 19:57:59'),(743,35,'Njuriba, Peter W.',150,0,0,'2023-11-27 21:00:00'),(744,35,'Njuriba, Peter W.',150,0,0,'2023-11-28 21:00:00'),(745,35,'Njuriba, Peter W.',150,0,0,'2023-11-29 21:00:00'),(746,41,'Mutua, Scholastica  K.',350,0,0,'2023-11-28 21:00:00'),(747,38,'Muema , Nibrescah  M.',750,37.5,1,'2023-11-30 20:14:13'),(748,33,'Ngolya , Eunice  M.',400,20,1,'2023-11-30 20:23:08'),(749,35,'Njuriba, Peter W.',150,0,0,'2023-11-25 21:00:00'),(750,35,'Njuriba, Peter W.',150,0,0,'2023-11-26 21:00:00'),(751,31,'Mbaluka , Gladys  N.',100,0,0,'2023-12-01 17:25:09'),(752,32,'Wakatu, Ruth A.',200,0,0,'2023-12-01 17:25:41'),(753,34,'Kudu, Michael  M.',350,0,0,'2023-12-01 17:27:41'),(754,40,'Mogire, Gladys K.',150,7.5,1,'2023-12-01 17:29:09'),(755,43,'Omori, Josephine  O.',250,0,0,'2023-11-25 21:00:00'),(756,43,'Omori, Josephine  O.',250,0,0,'2023-11-30 21:00:00'),(757,47,'Marekia, Teresia N.',250,12.5,1,'2023-12-01 17:34:24'),(758,49,'Gachanja , Charles  G.',200,0,0,'2023-12-01 17:34:56'),(759,60,'Rebeka, Theresa O.',300,0,0,'2023-12-01 17:35:26'),(760,58,'Nzeki, Faith M.',500,0,0,'2023-12-01 17:36:32'),(761,41,'Mutua, Scholastica  K.',350,17.5,1,'2023-12-01 17:37:16'),(762,59,'Matheka, Glandys  M.',250,0,0,'2023-12-01 17:37:42'),(763,55,'Onguko, Tekla A.',250,0,0,'2023-12-01 17:38:15'),(764,56,'Makale, Susy N.',300,0,0,'2023-12-01 17:40:02'),(765,54,'Adhiambo , Gorety A.',200,0,0,'2023-12-01 17:41:50'),(766,33,'Ngolya , Eunice  M.',400,20,1,'2023-12-01 20:25:06'),(767,48,'Siko, Linet N.',250,12.5,1,'2023-12-01 20:25:28'),(768,52,'Mokua, Ermarita K.',150,7.5,1,'2023-12-01 20:25:41'),(769,37,'Chepchumba, Varary K.',500,0,0,'2023-12-01 20:25:56'),(770,42,'Nzioka, Felisters  M.',600,30,1,'2023-12-01 20:26:09'),(771,53,'Otieno, Addah O.',500,0,0,'2023-12-01 20:26:23'),(772,38,'Muema , Nibrescah  M.',750,37.5,1,'2023-12-01 20:26:38'),(773,39,'Kyalo, Dororthy M.',300,0,0,'2023-12-01 20:26:49'),(774,46,'Ndisya, Felistus M.',250,0,0,'2023-12-01 20:27:22'),(775,36,'Musa, Jacinta  N.',400,20,1,'2023-12-01 20:27:47'),(776,30,'Kimeu , Domitila  K.',250,0,0,'2023-12-01 20:28:04'),(777,57,'Wangari, Margaret  W.',1000,0,0,'2023-11-30 21:00:00');
/*!40000 ALTER TABLE `payment` ENABLE KEYS */;
UNLOCK TABLES;

--
-- Table structure for table `user`
--

DROP TABLE IF EXISTS `user`;
/*!40101 SET @saved_cs_client     = @@character_set_client */;
/*!50503 SET character_set_client = utf8mb4 */;
CREATE TABLE `user` (
  `user_id` int NOT NULL AUTO_INCREMENT,
  `username` varchar(30) NOT NULL,
  `password` varchar(30) NOT NULL,
  `firstname` text NOT NULL,
  `lastname` text NOT NULL,
  PRIMARY KEY (`user_id`)
) ENGINE=InnoDB AUTO_INCREMENT=7 DEFAULT CHARSET=latin1;
/*!40101 SET character_set_client = @saved_cs_client */;

--
-- Dumping data for table `user`
--

LOCK TABLES `user` WRITE;
/*!40000 ALTER TABLE `user` DISABLE KEYS */;
INSERT INTO `user` VALUES (2,'Matrick','@matrick1.','Administrator','matrick'),(6,'Christinemuli08@gmail.com','Kilonzo2023*','Christine','Muli');
/*!40000 ALTER TABLE `user` ENABLE KEYS */;
UNLOCK TABLES;
/*!40103 SET TIME_ZONE=@OLD_TIME_ZONE */;

/*!40101 SET SQL_MODE=@OLD_SQL_MODE */;
/*!40014 SET FOREIGN_KEY_CHECKS=@OLD_FOREIGN_KEY_CHECKS */;
/*!40014 SET UNIQUE_CHECKS=@OLD_UNIQUE_CHECKS */;
/*!40101 SET CHARACTER_SET_CLIENT=@OLD_CHARACTER_SET_CLIENT */;
/*!40101 SET CHARACTER_SET_RESULTS=@OLD_CHARACTER_SET_RESULTS */;
/*!40101 SET COLLATION_CONNECTION=@OLD_COLLATION_CONNECTION */;
/*!40111 SET SQL_NOTES=@OLD_SQL_NOTES */;

-- Dump completed on 2023-12-02 13:49:56
